관리기관명,소재지도로명주소,소재지지번주소,설치목적구분,카메라대수,카메라화소수,촬영방면정보,보관일수,설치년월,관리기관전화번호,위도,경도,데이터기준일자
서울특별시 용산구청,서울특별시 용산구 신흥로2길 68,서울특별시 용산구 용산동2가 47-3,생활방범,2,130,연립아파트 앞,30,Mar-16,02-2199-6662,37.559223,126.969176,2016-09-27
서울특별시 용산구청,서울특별시 용산구 소월로20길 43,서울특별시 용산구 용산동2가 31번지,생활방범,2,130,해방교회앞,30,Oct-16,02-2199-6662,37.55701,126.971088,2016-09-27
서울특별시 용산구청,서울특별시 용산구 신흥로 90,서울특별시 용산구 용산동2가 11-13,차량방범,3,41,동주민센터 화단앞,30,Feb-16,02-2199-6662,37.546079,126.985583,2016-09-27
서울특별시 용산구청,서울특별시 용산구 신흥로18길 11,서울특별시 용산구 용산동2가 11-6,생활방범,2,130,소월길 출입계단 앞,30,Feb-16,02-2199-6662,37.557828,126.972958,2016-09-27
서울특별시 용산구청,서울특별시 용산구 신흥로29길 22,서울특별시 용산구 용산동2가 9-12,생활방범,2,130,주택앞,30,Feb-16,02-2199-6662,37.553411,126.970925,2016-09-27
서울특별시 용산구청,서울특별시 용산구 신흥로7길 50,서울특별시 용산구 용산2가동 32번지,생활방범,2,200,주택 앞,30,Mar-16,02-2199-6662,37.557149,126.970145,2016-09-27
서울특별시 용산구청,서울특별시 용산구 신흥로26길 21-3,서울특별시 용산구 용산동2가 1-1485,생활방범,1,130,해오름빌정문앞,30,Feb-16,02-2199-6662,37.556051,126.972357,2016-09-27
서울특별시 용산구청,서울특별시 용산구 신흥로26길 21-3,서울특별시 용산구 용산2가동 5-1451,어린이보호,3,130,용암초등학교,30,Dec-16,02-2199-6662,37.559775,126.972704,2016-09-27
서울특별시 용산구청,서울특별시 용산구 신흥로20길 9,서울특별시 용산구 용산2가동 1-575,생활방범,2,130,대박부동산 앞,30,Sep-16,02-2199-6662,37.546359,126.984774,2016-09-27
서울특별시 용산구청,서울특별시 용산구 신흥로 11길 13,서울특별시 용산구 용산동2가 29-3,생활방범,3,130,주택 앞,30,Sep-16,02-2199-6662,37.543424,126.987044,2016-09-27
서울특별시 용산구청,서울특별시 용산구 신흥로140-1,서울특별시 용산구 용산동2가 1-448,생활방범,3,200,대지부동산 골목,30,Feb-16,02-2199-6662,37.545763,126.981827,2016-09-27
서울특별시 용산구청,서울특별시 용산구 한강대로102가길 5,서울특별시 용산구 갈월동 6-11,생활방범,2,130,대동슈퍼 앞,30,Feb-16,02-2199-6662,37.547406,126.976713,2016-09-27
서울특별시 용산구청,서울특별시 용산구 한강대로98가길 25,서울특별시 용산구 갈월동 7-15,생활방범,1,130,아크로빌 앞,30,Feb-16,02-2199-6662,37.547818,126.97451,2016-09-27
서울특별시 용산구청,서울특별시 용산구 한강대로96길 26,서울특별시 용산구 갈월동 7-69,생활방범,1,41,아로마빌리지 옆,30,Feb-16,02-2199-6662,37.547331,126.974113,2016-09-27
서울특별시 용산구청,서울특별시 용산구 한강대로96길 26,서울특별시 용산구 갈월동 59-14,생활방범,2,200,으뜸부동산 옆,30,Feb-16,02-2199-6662,37.547443,126.972112,2016-09-27
서울특별시 용산구청,서울특별시 용산구 후암로57길 26,서울특별시 용산구 동자동 17-3,생활방범,2,200,새꿈공원 앞,30,Feb-16,02-2199-6662,37.547546,126.980478,2016-09-27
서울특별시 용산구청,서울특별시 용산구 후암로57길 51-1,서울특별시 용산구 동자동 35-142,생활방범,2,41,미니마트앞,30,Jul-16,02-2199-6662,37.547924,126.979086,2016-09-27
서울특별시 용산구청,서울특별시 용산구 후암로49길 24,서울특별시 용산구 동자동 7-29,생활방범,2,130,삼익빌라 앞,30,Aug-16,02-2199-6662,37.54876,126.980621,2016-09-27
서울특별시 용산구청,서울특별시 용산구 한강대로104마길 43,서울특별시 용산구 동자동 19-87,생활방범,2,130,계단 위,30,Aug-16,02-2199-6662,37.548456,126.979777,2016-09-27
서울특별시 용산구청,서울특별시 용산구 한강대로 283,서울특별시 용산구 갈원동 87-5,차량방범,2,41,랜드로바 앞,30,Jun-16,02-2199-6662,37.543442,126.971972,2016-09-27
서울특별시 용산구청,서울특별시 용산구 한강대로104다길 19,서울특별시 용산구 동자동 21-6,생활방범,2,130,후암서부제일아파트 뒤,30,Mar-16,02-2199-6662,37.54864,126.977349,2016-09-27
서울특별시 용산구청,서울특별시 용산구 한강대로96길 11,서울특별시 용산구 갈월동 7-54,생활방범,3,130,공중전화기옆,30,Oct-16,02-2199-6662,37.546887,126.974804,2016-09-27
서울특별시 용산구청,서울특별시 용산구 한강대로96길 11,서울특별시 용산구 동자동 11-14,생활방범,2,41,쪽방지역 내 덕성장 앞,30,Feb-16,02-2199-6662,37.548049,126.981612,2016-09-27
서울특별시 용산구청,서울특별시 용산구 후암로57길 26,서울특별시 용산구 동자동 17-3,생활방범,1,41,새꿈공원 앞(공원 상단부),30,Oct-16,02-2199-6662,37.552399,126.973622,2016-09-27
서울특별시 용산구청,서울특별시 용산구 후암로57길 26,서울특별시 용산구 동자동 17-3,생활방범,1,41,새꿈공원 앞(공원 하단부 입구 주변),30,Oct-16,02-2199-6662,37.552399,126.973622,2016-09-27
서울특별시 용산구청,서울특별시 용산구 한강대로372,서울특별시 용산구 동자동 45,생활방범,1,130,센트리빌인근공원,30,Jul-16,02-2199-6662,37.551482,126.97357,2016-09-27
서울특별시 용산구청,서울특별시 용산구 한강대로372,서울특별시 용산구 동자동 45,생활방범,1,130,센트리빌인근공원,30,Jul-16,02-2199-6662,37.551482,126.97357,2016-09-27
서울특별시 용산구청,서울특별시 용산구 한강대로372,서울특별시 용산구 동자동 45,생활방범,1,130,센트리빌인근공원,30,Jul-16,02-2199-6662,37.551482,126.97357,2016-09-27
서울특별시 용산구청,서울특별시 용산구 한강대로84길 11,서울특별시 용산구 남영동 35-2,생활방범,3,130,상가밀집지역(남영해물탕앞),30,Nov-16,02-2199-6662,37.54752,126.969948,2016-09-27
서울특별시 용산구청,서울특별시 용산구 한강대로77길 10,서울특별시 용산구 갈월동 93-29,생활방범,3,130,남영지하철 롯데마켓앞,30,Feb-16,02-2199-6662,37.546366,126.967979,2016-09-27
서울특별시 용산구청,서울특별시 용산구 한강대로 92길 19,서울특별시 용산구 갈월동 34-16,생활방범,2,130,골목길,30,Sep-16,02-2199-6662,37.546142,126.973055,2016-09-27
서울특별시 용산구청,서울특별시 용산구 후암로13가길 25,서울특별시 용산구 후암동 406-80,생활방범,1,41,후암어린이 공원,30,Jan-16,02-2199-6662,37.547216,126.983717,2016-09-27
서울특별시 용산구청,서울특별시 용산구 후암로 58-1,서울특별시 용산구 후암동 22,생활방범,2,130,우체국 뒤,30,Aug-16,02-2199-6662,37.550278,126.979162,2016-09-27
서울특별시 용산구청,서울특별시 용산구 두텁바위로 125,서울특별시 용산구 후암동 336-11,생활방범,2,130,대림하이츠타운 앞,30,Aug-16,02-2199-6662,37.553824,126.977761,2016-09-27
서울특별시 용산구청,서울특별시 용산구 후암로28다길 8,서울특별시 용산구 후암동 55-13,생활방범,2,130,미플러스빌 옆 전주,30,Aug-16,02-2199-6662,37.552276,126.977393,2016-09-27
서울특별시 용산구청,서울특별시 용산구 후암로28다길 8,서울특별시 용산구 후암동 412-7,생활방범,2,130,고지대 난간 옆 전주,30,Aug-16,02-2199-6662,37.554924,126.974475,2016-09-27
서울특별시 용산구청,서울특별시 용산구 한강대로102다길 33,서울특별시 용산구 후암동 141-9,생활방범,2,130,후암빌라 앞,30,Aug-16,02-2199-6662,37.548735,126.975372,2016-09-27
서울특별시 용산구청,서울특별시 용산구 소월로2다길 2,서울특별시 용산구 후암동 448-156,생활방범,2,130,혜심원 주변,30,Aug-16,02-2199-6662,37.550789,126.982109,2016-09-27
서울특별시 용산구청,서울특별시 용산구 한강대로104라길 39,서울특별시 용산구 후암동 117-1,생활방범,3,130,소비자유통 앞,30,Aug-16,02-2199-6662,37.54961,126.976046,2016-09-27
서울특별시 용산구청,서울특별시 용산구 후암로 71-2,서울특별시 용산구 후암동 96,생활방범,2,130,미주아파트 입구,30,Aug-16,02-2199-6662,37.550027,126.979963,2016-09-27
서울특별시 용산구청,서울특별시 용산구 후암로13가길 25,서울특별시 용산구 후암동 239-1,어린이보호,2,130,새나라어린이공원 앞,30,Dec-16,02-2199-6662,37.54997,126.975251,2016-09-27
서울특별시 용산구청,서울특별시 용산구 후암로13가길 2,서울특별시 용산구 후암동 238-11,어린이보호,1,130,삼광초교 후문 바로앞,30,Dec-16,02-2199-6662,37.550701,126.97489,2016-09-27
서울특별시 용산구청,서울특별시 용산구 두텁바위로 160,서울특별시 용산구 후암동 30-90,어린이보호,1,130,용산도서관 앞,30,Dec-16,02-2199-6662,37.552675,126.980195,2016-09-27
서울특별시 용산구청,서울특별시 용산구 두텁바위로 160,서울특별시 용산구 후암동 339-23,어린이보호,1,130,후암초교 후문 앞,30,Dec-16,02-2199-6662,37.554917,126.978528,2016-09-27
서울특별시 용산구청,서울특별시 용산구 두텁바위로1나길 28-1,서울특별시 용산구 후암동 192-9,어린이보호,2,130,주택 앞,30,Dec-16,02-2199-6662,37.550502,126.973555,2016-09-27
서울특별시 용산구청,서울특별시 용산구 두텁바위로60길 41,서울특별시 용산구 후암동 358-13,어린이보호,1,130,주택 앞,30,Dec-16,02-2199-6662,37.555325,126.977341,2016-09-27
서울특별시 용산구청,서울특별시 용산구 두텁바위로 107,서울특별시 용산구 후암동 399-6,생활방범,3,130,영락보린원 뒷골목,30,Mar-16,02-2199-6662,37.554268,126.976197,2016-09-27
서울특별시 용산구청,서울특별시 용산구 신흥로 152,서울특별시 용산구 후암동 418-13,차량방범,1,41,후암동 버스종점,30,Feb-16,02-2199-6662,37.546848,126.981415,2016-09-27
서울특별시 용산구청,서울특별시 용산구 후암로28길 10,서울특별시 용산구 후암동 244-86,생활방범,2,130,신후암맨션앞,30,Mar-16,02-2199-6662,37.550935,126.977569,2016-09-27
서울특별시 용산구청,서울특별시 용산구 후암로4길 28,서울특별시 용산구 후암동 254-12,생활방범,2,130,(주택 앞),30,Oct-16,02-2199-6662,37.552507,126.974127,2016-09-27
서울특별시 용산구청,서울특별시 용산구 후암로4길 28,서울특별시 용산구 후암동 101-13,생활방범,2,130,골목길,30,Oct-16,02-2199-6662,37.549498,126.97833,2016-09-27
서울특별시 용산구청,서울특별시 용산구 후암로34가길 12,서울특별시 용산구 후암동 60-35,생활방범,1,41,노바펠리스 앞,30,Feb-16,02-2199-6662,37.550788,126.978281,2016-09-27
서울특별시 용산구청,서울특별시 용산구 두텁바위로69길 26,서울특별시 용산구 후암동 44-56,생활방범,3,130,컴퓨터 세탁 앞(동원사),30,Feb-16,02-2199-6662,37.552481,126.979008,2016-09-27
서울특별시 용산구청,서울특별시 용산구 한강대로98다길 4,서울특별시 용산구 후암동 143-11,생활방범,2,130,주택 삼거리,30,Feb-16,02-2199-6662,37.547618,126.975327,2016-09-27
서울특별시 용산구청,서울특별시 용산구 두텁바위로58길 48,서울특별시 용산구 후암동400-39,생활방범,2,130,새말경로당앞,30,Feb-16,02-2199-6662,37.555175,126.97601,2016-09-27
서울특별시 용산구청,서울특별시 용산구 후암로 47,서울특별시 용산구 후암동 105-3,차량방범,3,41,후암시장입구,30,Dec-16,02-2199-6662,37.550059,126.977134,2016-09-27
서울특별시 용산구청,서울특별시 용산구 후암로40길 4,서울특별시 용산구 후암동 7-2,생활방범,1,130,거주자우선주차지역,30,Feb-16,02-2199-6662,37.55049,126.979835,2016-09-27
서울특별시 용산구청,서울특별시 용산구 두텁바위로 145-3,서울특별시 용산구 후암동 43-29,어린이보호,2,130,후암초교 정문 앞,30,Feb-16,02-2199-6662,37.553597,126.979778,2016-09-27
서울특별시 용산구청,서울특별시 용산구 신흥로36가길 11,서울특별시 용산구 후암동 409-136,생활방범,4,130,골목안쪽,30,Nov-16,02-2199-6662,37.55499,126.973565,2016-09-27
서울특별시 용산구청,서울특별시 용산구 신흥로36가길 11,서울특별시 용산구 후암동 366-38,어린이보호,1,130,후암초등학교,30,Dec-16,02-2199-6662,37.553252,126.978307,2016-09-27
서울특별시 용산구청,서울특별시 용산구 후암로34길 31-16,서울특별시 용산구 후암동 30-22,어린이보호,1,130,복자유치원,30,Dec-16,02-2199-6662,37.551327,126.980453,2016-09-27
서울특별시 용산구청,서울특별시 용산구 후암로34길 31-16,서울특별시 용산구 후암동,어린이보호,2,130,삼광초등학교,30,Dec-16,02-2199-6662,37.551135,126.97356,2016-09-27
서울특별시 용산구청,서울특별시 용산구 한강대로 104길51,서울특별시 용산구 동자동 19-45,생활방범,1,130,남영빌딩 앞,30,Sep-16,02-2199-6662,37.550601,126.97496,2016-09-27
서울특별시 용산구청,서울특별시 용산구 한강대로 84길 14,서울특별시 용산구 남영동 59-2,생활방범,4,200,미성회관 옆 사거리,30,Feb-16,02-2199-6662,37.54362,126.973402,2016-09-27
서울특별시 용산구청,서울특별시 용산구 한강대로 84길 14,서울특별시 용산구 동자동 24-11,생활방범,4,200,동자어린이공원,30,Feb-16,02-2199-6662,37.550144,126.973846,2016-09-27
서울특별시 용산구청,서울특별시 용산구 청파로83길 34,서울특별시 용산구 서계동 33-265,생활방범,2,200,청파중앙교회 옆,30,Feb-16,02-2199-6662,37.542781,126.979435,2016-09-27
서울특별시 용산구청,서울특별시 용산구 청파로89길 4-12,서울특별시 용산구 서계동 226-3,생활방범,2,41,청파어린이공원 입구,30,Feb-16,02-2199-6662,37.543525,126.981972,2016-09-27
서울특별시 용산구청,서울특별시 용산구 청파로93길 49-29,서울특별시 용산구 서계동 234-16,생활방범,3,130,제일빌딩 옆,30,Feb-16,02-2199-6662,37.541766,126.981476,2016-09-27
서울특별시 용산구청,서울특별시 용산구 청파로71길 34-12,서울특별시 용산구 청파동1가 1-18,생활방범,2,41,희림빌라 앞,30,Feb-16,02-2199-6662,37.542675,126.977253,2016-09-27
서울특별시 용산구청,서울특별시 용산구 효창원로86라길 30,서울특별시 용산구 청파동1가 97-13,생활방범,2,41,한마음빌라 옆,30,Feb-16,02-2199-6662,37.542451,126.974876,2016-09-27
서울특별시 용산구청,서울특별시 용산구 청파로47나길 83-2,서울특별시 용산구 청파동1가 62-13,생활방범,2,130,천리교분회 정문 앞,30,Feb-16,02-2199-6662,37.543853,126.975784,2016-09-27
서울특별시 용산구청,서울특별시 용산구 효창원로 228,서울특별시 용산구 청파동2가 1-42,생활방범,2,41,명성부동산 맞은 편,30,Feb-16,02-2199-6662,37.540222,126.974406,2016-09-27
서울특별시 용산구청,서울특별시 용산구 효창원로 218,서울특별시 용산구 청파동2가 1-146,생활방범,3,41,숙대후문옆 횡단보도,30,Feb-16,02-2199-6662,37.539751,126.97331,2016-09-27
서울특별시 용산구청,서울특별시 용산구 청파로47나길 50,서울특별시 용산구 청파동2가 10-33,생활방범,2,200,휴타임가게 옆,30,Feb-16,02-2199-6662,37.54313,126.973726,2016-09-27
서울특별시 용산구청,서울특별시 용산구 청파로47가길 3,서울특별시 용산구 청파동3가 111-38,생활방범,2,130,대운부동산 앞,30,Feb-16,02-2199-6662,37.54246,126.971113,2016-09-27
서울특별시 용산구청,서울특별시 용산구 청파로43길 53,서울특별시 용산구 청파동3가 118-176,생활방범,2,200,동네미니슈퍼 앞,30,Feb-16,02-2199-6662,37.543069,126.970072,2016-09-27
서울특별시 용산구청,서울특별시 용산구 백범로79길 103,서울특별시 용산구 청파동3가 132-28,생활방범,2,200,천주교 청파동성당 앞,30,Feb-16,02-2199-6662,37.540768,126.969409,2016-09-27
서울특별시 용산구청,서울특별시 용산구 청파로43길 17,서울특별시 용산구 청파동3가 105-4,생활방범,2,200,구청파2동사무소 앞,30,Feb-16,02-2199-6662,37.544676,126.96965,2016-09-27
서울특별시 용산구청,서울특별시 용산구 효창원로86길 67-2,서울특별시 용산구 청파동2가 8-3,생활방범,2,200,골목길 계단 앞,30,Jul-16,02-2199-6662,37.542632,126.973231,2016-09-27
서울특별시 용산구청,서울특별시 용산구 청파로47길 32,서울특별시 용산구 청파동 72-5,차량방범,2,41,미스터 와우 앞,30,Aug-16,02-2199-6662,37.544904,126.968681,2016-09-27
서울특별시 용산구청,서울특별시 용산구 청파로43라길 36,서울특별시 용산구 청파동3가 118-78,생활방범,2,130,빌라건물등 주변,30,Aug-16,02-2199-6662,37.542953,126.969166,2016-09-27
서울특별시 용산구청,서울특별시 용산구 청파로47가길 25,서울특별시 용산구 청파동3가 118-48,생활방범,2,130,델포이빌딩 옆,30,Aug-16,02-2199-6662,37.542044,126.96992,2016-09-27
서울특별시 용산구청,서울특별시 용산구 청파로73나길 8,서울특별시 용산구 청파동1가 1-121,생활방범,3,130,가음빌라 아래골목,30,Aug-16,02-2199-6662,37.542323,126.97825,2016-09-27
서울특별시 용산구청,서울특별시 용산구 만리재로26길 5,서울특별시 용산구 서계동 242-20,생활방범,2,130,보현의 집 옆 공간,30,Aug-16,02-2199-6662,37.54015,126.980589,2016-09-27
서울특별시 용산구청,서울특별시 용산구 청파로51길 13,서울특별시 용산구 청파동2가 33-18,생활방범,1,130,골목길,30,Aug-16,02-2199-6662,37.544423,126.9724,2016-09-27
서울특별시 용산구청,서울특별시 용산구 청파로71가길 55,서울특별시 용산구 청파동1가 1-55,생활방범,2,130,동진빌라 가동 입구,30,Aug-16,02-2199-6662,37.541767,126.978623,2016-09-27
서울특별시 용산구청,서울특별시 용산구 효창원로86가길 10,서울특별시 용산구 청파동2가 1-79,생활방범,3,130,숙대기숙사 옆,30,Aug-16,02-2199-6662,37.540921,126.974077,2016-09-27
서울특별시 용산구청,서울특별시 용산구 효창원로86가길 10,서울특별시 용산구 청파동3가 121-40,생활방범,2,130,미문교회 입구,30,Aug-16,02-2199-6662,37.543813,126.969629,2016-09-27
서울특별시 용산구청,서울특별시 용산구 청파로85길 58,서울특별시 용산구 서계동 238-15,생활방범,2,130,야후공인중개사 앞,30,Aug-16,02-2199-6662,37.541344,126.980677,2016-09-27
서울특별시 용산구청,서울특별시 용산구 청파로 267,서울특별시 용산구 청파동3가 61-2,어린이보호,1,130,신광길(청파로연결지점),30,Dec-16,02-2199-6662,37.545393,126.969571,2016-09-27
서울특별시 용산구청,서울특별시 용산구 효창원로 228,서울특별시 용산구 청파동2가 1-42,어린이보호,1,130,청파초교 정문 앞 보도,30,Dec-16,02-2199-6662,37.540814,126.974381,2016-09-27
서울특별시 용산구청,서울특별시 용산구 효창원로86길 33,서울특별시 용산구 청파동2가 1-157,어린이보호,1,130,숙명여대 기숙사앞 삼거리,30,Dec-16,02-2199-6662,37.541453,126.973395,2016-09-27
서울특별시 용산구청,서울특별시 용산구 청파로73길 38,서울특별시 용산구 서계동 109,어린이보호,2,130,보윤유치원 진입부,30,Dec-16,02-2199-6662,37.543006,126.978138,2016-09-27
서울특별시 용산구청,서울특별시 용산구 효창원로86나길 20,서울특별시 용산구 청파동2가 1-180,생활방범,2,130,비상소화장치 옆,30,Mar-16,02-2199-6662,37.541723,126.973929,2016-09-27
서울특별시 용산구청,서울특별시 용산구 후암로34길 31,서울특별시 용산구 후암동 30-30,생활방범,3,130,양지슈퍼 앞,30,Feb-16,02-2199-6662,37.551551,126.979776,2016-09-27
서울특별시 용산구청,서울특별시 용산구 한강대로102길 52,서울특별시 용산구 후암동 123-20,생활방범,2,41,삼안리치 하우스 앞,30,Feb-16,02-2199-6662,37.54854,126.976719,2016-09-27
서울특별시 용산구청,서울특별시 용산구 두텁바위로1길 81,서울특별시 용산구 후암동 159-5,생활방범,2,200,후암어린이집 맞은 편,30,Feb-16,02-2199-6662,37.549263,126.9747,2016-09-27
서울특별시 용산구청,서울특별시 용산구 두텁바위로 27,서울특별시 용산구 후암동 168,생활방범,2,41,부부약국 맞은 편,30,Feb-16,02-2199-6662,37.549557,126.972949,2016-09-27
서울특별시 용산구청,서울특별시 용산구 후암로16길 27,서울특별시 용산구 후암동 244-99,생활방범,2,130,화인힐빌라 코너,30,Feb-16,02-2199-6662,37.552045,126.976048,2016-09-27
서울특별시 용산구청,서울특별시 용산구 후암로4길 49,서울특별시 용산구 후암동 283-3,생활방범,2,41,진흥부동산 앞,30,Feb-16,02-2199-6662,37.552872,126.975291,2016-09-27
서울특별시 용산구청,서울특별시 용산구 후암로28길 62,서울특별시 용산구 후암동 322-1,생활방범,2,41,진달래길,30,Feb-16,02-2199-6662,37.55322,126.976527,2016-09-27
서울특별시 용산구청,서울특별시 용산구 두텁바위로58길 17,서울특별시 용산구 후암동 358-63,생활방범,2,130,활터1길,30,Feb-16,02-2199-6662,37.554714,126.977447,2016-09-27
서울특별시 용산구청,서울특별시 용산구 후암로48길 7,서울특별시 용산구 후암동 1-58,생활방범,2,41,후암제일교회 앞,30,Feb-16,02-2199-6662,37.550141,126.980833,2016-09-27
서울특별시 용산구청,서울특별시 용산구 두텁바위로60길 74,서울특별시 용산구 후암동 358-66,생활방범,2,130,남산중앙교회 앞,30,Feb-16,02-2199-6662,37.555648,126.975211,2016-09-27
서울특별시 용산구청,서울특별시 용산구 두텁바위로40길 3,서울특별시 용산구 후암동 404-15,생활방범,2,41,영주교회 교육관 앞,30,Feb-16,02-2199-6662,37.554268,126.974582,2016-09-27
서울특별시 용산구청,서울특별시 용산구 후암로48길 46,서울특별시 용산구 후암동 436-2,생활방범,2,130,오페라하우스 9차 앞 도로,30,Feb-16,02-2199-6662,37.551449,126.981435,2016-09-27
서울특별시 용산구청,서울특별시 용산구 후암로13가길 25,서울특별시 용산구 후암동 239-1,생활방범,2,130,새나라어린이 공원,30,Jan-16,02-2199-6662,37.54997,126.975251,2016-09-27
서울특별시 용산구청,서울특별시 용산구 후암로13가길 25,서울특별시 용산구 후암동 239-1,생활방범,2,130,새나라어린이 공원,30,Jan-16,02-2199-6662,37.54997,126.975251,2016-09-27
서울특별시 용산구청,서울특별시 용산구 신흥로26길 11-15,서울특별시 용산구 용산동2가 1-292,생활방범,2,41,비상소화장치함 옆,30,Feb-16,02-2199-6662,37.555317,126.972694,2016-09-27
서울특별시 용산구청,서울특별시 용산구 신흥로22길 14,서울특별시 용산구 용산동2가 1-567,생활방범,3,41,미리내길,30,Feb-16,02-2199-6662,37.556377,126.973009,2016-09-27
서울특별시 용산구청,서울특별시 용산구 신흥로3가길 66,서울특별시 용산구 용산동2가 5-1656,생활방범,1,41,보성여고 정문옆 골목,30,Feb-16,02-2199-6662,37.556123,126.968517,2016-09-27
서울특별시 용산구청,서울특별시 용산구 소월로30길 15,서울특별시 용산구 용산동2가 5-1439,생활방범,2,41,용암새싹길,30,Feb-16,02-2199-6662,37.559622,126.972828,2016-09-27
서울특별시 용산구청,서울특별시 용산구 소월로30길 19-17,서울특별시 용산구 용산동2가 5-1457,생활방범,2,130,용암초등학교 앞,30,Feb-16,02-2199-6662,37.559816,126.972459,2016-09-27
서울특별시 용산구청,서울특별시 용산구 신흥로16길 6,서울특별시 용산구 용산동2가 23-1,생활방범,3,130,나무있는 집 대문 옆,30,Feb-16,02-2199-6662,37.558359,126.971588,2016-09-27
서울특별시 용산구청,서울특별시 용산구 신흥로15길 18,서울특별시 용산구 용산동2가 20-10,생활방범,3,130,개미식당,30,Feb-16,02-2199-6662,37.557589,126.971084,2016-09-27
서울특별시 용산구청,서울특별시 용산구 신흥로5길 38,서울특별시 용산구 용산동2가 35-6,생활방범,2,41,계단 옆,30,Feb-16,02-2199-6662,37.557363,126.969016,2016-09-27
서울특별시 용산구청,서울특별시 용산구 신흥로7길 35,서울특별시 용산구 용산동2가 35-28,생활방범,2,41,충남슈퍼 맞은 편,30,Feb-16,02-2199-6662,37.557642,126.969565,2016-09-27
서울특별시 용산구청,서울특별시 용산구 신흥로3길 17,서울특별시 용산구 용산동2가 43-7,생활방범,2,41,서전빌라,30,Feb-16,02-2199-6662,37.557755,126.967591,2016-09-27
서울특별시 용산구청,서울특별시 용산구 신흥로 40,서울특별시 용산구 용산동2가 45-5,생활방범,2,41,새마을금고 용암지점 맞은 편,30,Feb-16,02-2199-6662,37.558832,126.968263,2016-09-27
서울특별시 용산구청,서울특별시 용산구 신흥로11길 49,서울특별시 용산구 용산동2가 20-3,생활방범,2,41,주택코너,30,Feb-16,02-2199-6662,37.557565,126.971503,2016-09-27
서울특별시 용산구청,서울특별시 용산구 신흥로5길 70,서울특별시 용산구 용산동2가 34,생활방범,2,130,해방촌성당 앞,30,Feb-16,02-2199-6662,37.556293,126.970135,2016-09-27
서울특별시 용산구청,서울특별시 용산구 신흥로3가길 21,서울특별시 용산구 용산동2가 5-70,생활방범,2,41,여전도관 옆 골목,30,Jul-16,02-2199-6662,37.55706,126.967349,2016-09-27
서울특별시 용산구청,서울특별시 용산구 신흥로3가길 21,서울특별시 용산구 용산동2가 5-1418,생활방범,1,41,용암초앞 마을마당,30,Jan-16,02-2199-6662,37.545705,126.98816,2016-09-27
서울특별시 용산구청,서울특별시 용산구 신흥로26길 33,서울특별시 용산구 용산동2가 1-550,생활방범,2,41,용산2가동 외국인학교옆 공원,30,Jan-16,02-2199-6662,37.545306,126.984381,2016-09-27
서울특별시 용산구청,서울특별시 용산구 신흥로26길 33,서울특별시 용산구 용산동2가 5-1647,생활방범,1,41,소월길 주민쉼터,30,Jan-16,02-2199-6662,37.543617,126.988915,2016-09-27
서울특별시 용산구청,서울특별시 용산구 신흥로 30,서울특별시 용산구 용산동2가 45-12,차량방범,2,130,주택앞,30,Dec-16,02-2199-6662,37.541034,126.987251,2016-09-27
서울특별시 용산구청,서울특별시 용산구 신흥로 38,서울특별시 용산구 용산동2가 45-6,차량방범,1,130,서울침례교회앞,30,Dec-16,02-2199-6662,37.5418,126.987422,2016-09-27
서울특별시 용산구청,서울특별시 용산구 신흥로 80,서울특별시 용산구 용산동2가 15-16,차량방범,1,130,남산빨래방 옆골목,30,Dec-16,02-2199-6662,37.545264,126.986418,2016-09-27
서울특별시 용산구청,서울특별시 용산구 신흥로27길 6-9,서울특별시 용산구 용산동2가 1-1165,생활방범,2,130,큰빛의 집 뒷길,30,Aug-16,02-2199-6662,37.554412,126.970739,2016-09-27
서울특별시 용산구청,서울특별시 용산구 신흥로32길 35,서울특별시 용산구 용산동2가 1-356,생활방범,2,130,신흥교회 옆,30,Aug-16,02-2199-6662,37.555257,126.972157,2016-09-27
서울특별시 용산구청,서울특별시 용산구 신흥로15길 28,서울특별시 용산구 용산동2가 31-5,생활방범,2,130,해방교회 아래쪽,30,Aug-16,02-2199-6662,37.557322,126.970491,2016-09-27
서울특별시 용산구청,서울특별시 용산구 신흥로 62-6,서울특별시 용산구 용산동2가 24-20,생활방범,2,130,황재빌라 옆,30,Aug-16,02-2199-6662,37.558845,126.970849,2016-09-27
서울특별시 용산구청,서울특별시 용산구 소월로26길 13-3,서울특별시 용산구 용산동2가 5-212,생활방범,2,130,주택가,30,Aug-16,02-2199-6662,37.55874,126.972431,2016-09-27
서울특별시 용산구청,서울특별시 용산구 소월로26길 19,서울특별시 용산구 용산동2가 5-171,생활방범,2,130,남산교회 옆 골목,30,Aug-16,02-2199-6662,37.558632,126.972047,2016-09-27
서울특별시 용산구청,서울특별시 용산구 소월로30길 26,서울특별시 용산구 용산2가동 5-249,어린이보호,2,130,3호터널 상부,30,Dec-16,02-2199-6662,37.559493,126.972202,2016-09-27
서울특별시 용산구청,서울특별시 용산구 신흥로16길 17,서울특별시 용산구 용산2가동 5-491,어린이보호,2,130,남산교회 앞 삼거리,30,Dec-16,02-2199-6662,37.558726,126.971944,2016-09-27
서울특별시 용산구청,서울특별시 용산구 신흥로12길 5,서울특별시 용산구 용산2가동 26-7,어린이보호,2,130,반포로 지하보도 앞,30,Dec-16,02-2199-6662,37.55926,126.970103,2016-09-27
서울특별시 용산구청,서울특별시 용산구 녹사평대로60길 17,서울특별시 용산구 용산동 2가 5-1519,어린이보호,1,130,어린이보호표지판 앞,30,Nov-16,02-2199-6662,37.560159,126.970769,2016-09-27
서울특별시 용산구청,서울특별시 용산구 신흥로25길 19,서울특별시 용산구 용산동2가 5-1124,생활방범,3,130,보성여고 인근골목,30,Mar-16,02-2199-6662,37.555983,126.970593,2016-09-27
서울특별시 용산구청,서울특별시 용산구 효창원로104길 7,서울특별시 용산구 서계동 259-2,생활방범,2,130,서계1경로당앞,30,Oct-16,02-2199-6662,37.540133,126.978344,2016-09-27
서울특별시 용산구청,서울특별시 용산구 한강대로50길 25,서울특별시 용산구 한강로2가 47-3,생활방범,3,130,원불교 부근,30,May-16,02-2199-6662,37.546946,126.955373,2016-09-27
서울특별시 용산구청,서울특별시 용산구 한강대로38길 11-8,서울특별시 용산구 한강로2가 157-1,생활방범,2,200,용산우체국 뒤,30,May-16,02-2199-6662,37.5451,126.953085,2016-09-27
서울특별시 용산구청,서울특별시 용산구 한강대로32길 21,서울특별시 용산구 한강로2가 187-14,생활방범,2,130,국제빌딩뒤(한우정식당),30,May-16,02-2199-6662,37.544278,126.951219,2016-09-27
서울특별시 용산구청,서울특별시 용산구 한강대로32길 21,서울특별시 용산구 용산동3가 1-96,생활방범,3,200,삼각지어린이 공원 앞,30,May-16,02-2199-6662,37.549083,126.959123,2016-09-27
서울특별시 용산구청,서울특별시 용산구 한강대로38길 38,서울특별시 용산구 용산동5가 2-4,생활방범,1,200,용산어린이집(어린이공원내),30,May-16,02-2199-6662,37.545255,126.951623,2016-09-27
서울특별시 용산구청,서울특별시 용산구 청파로 109,서울특별시 용산구 한강로3가 1-1,생활방범,2,41,전자상가 국민은행 옆,30,May-16,02-2199-6662,37.539901,126.957564,2016-09-27
서울특별시 용산구청,서울특별시 용산구 청파로 56,서울특별시 용산구 한강로3가 16-18,생활방범,2,41,전자상가우체국 앞,30,May-16,02-2199-6662,37.535303,126.955848,2016-09-27
서울특별시 용산구청,서울특별시 용산구 이촌로29길 26,서울특별시 용산구 한강로3가 40-49,생활방범,1,130,이촌동 철길부근,30,May-16,02-2199-6662,37.537744,126.946791,2016-09-27
서울특별시 용산구청,서울특별시 용산구 한강대로15길 18,서울특별시 용산구 한강로3가 40-128,생활방범,3,200,대동여인숙 앞,30,May-16,02-2199-6662,37.540222,126.948602,2016-09-27
서울특별시 용산구청,서울특별시 용산구 한강대로21길10,서울특별시 용산구 한강로3가 40-946,생활방범,2,41,마사회 뒷길,30,May-16,02-2199-6662,37.540322,126.950683,2016-09-27
서울특별시 용산구청,서울특별시 용산구 한강대로14길 35-29,서울특별시 용산구 한강로3가 65-154,생활방범,2,130,중대병원 후문,30,May-16,02-2199-6662,37.542154,126.94736,2016-09-27
서울특별시 용산구청,서울특별시 용산구 한강대로14길 81,서울특별시 용산구 한강로3가 65-431,생활방범,2,130,용산세무서 골목,30,May-16,02-2199-6662,37.54398,126.945071,2016-09-27
서울특별시 용산구청,서울특별시 용산구 한강대로14가길 41,서울특별시 용산구 한강로3가 65-54,생활방범,2,41,쌍용스윗닷홈 옆,30,Feb-16,02-2199-6662,37.540759,126.944894,2016-09-27
서울특별시 용산구청,서울특별시 용산구 한강대로57길 34,서울특별시 용산구 한강로1가 276-3,생활방범,2,41,용산초등학교 정문 앞,30,Jul-16,02-2199-6662,37.547545,126.959756,2016-09-27
서울특별시 용산구청,서울특별시 용산구 청파로20길 83,서울특별시 용산구 한강로3가 23-62,차량방범,2,41,터미널전자상가 앞,30,Aug-16,02-2199-6662,37.531797,126.962995,2016-09-27
서울특별시 용산구청,서울특별시 용산구 한강대로7길 19,서울특별시 용산구 한강로3가 40-356,생활방범,3,130,한강로3가 경로당 골목 입구,30,Aug-16,02-2199-6662,37.538866,126.946595,2016-09-27
서울특별시 용산구청,서울특별시 용산구 한강대로11길 29,서울특별시 용산구 한강로3가 40-7,생활방범,3,130,서일공업사 앞,30,Aug-16,02-2199-6662,37.539095,126.947842,2016-09-27
서울특별시 용산구청,서울특별시 용산구 한강대로11길 29,서울특별시 용산구 한강로2가 1,어린이보호,1,130,국립맹학교 앞 보도,30,Dec-16,02-2199-6662,37.546978,126.959578,2016-09-27
서울특별시 용산구청,서울특별시 용산구 한강대로 179,서울특별시 용산구 한강로1가 286,어린이보호,1,130,삼각지역 6번 출구앞 보도,30,Dec-16,02-2199-6662,37.547392,126.959345,2016-09-27
서울특별시 용산구청,서울특별시 용산구 한강대로 179,서울특별시 용산구 한강로3가 65-217,어린이보호,1,130,한강초교 정문 앞,30,Dec-16,02-2199-6662,37.541558,126.94786,2016-09-27
서울특별시 용산구청,서울특별시 용산구 한강대로10길 14,서울특별시 용산구 한강로3가 89,어린이보호,2,130,쌍용스윗닷홈 앞 삼거리,30,Dec-16,02-2199-6662,37.540753,126.945542,2016-09-27
서울특별시 용산구청,서울특별시 용산구 백범로99가길 12-5,서울특별시 용산구 한강로2가 2-292,생활방범,1,130,용산초교 담장뒤골목,30,Mar-16,02-2199-6662,37.546299,126.960237,2016-09-27
서울특별시 용산구청,서울특별시 용산구 서빙고로 69,서울특별시 용산구 용산동5가 24-3,차량방범,2,41,한강로동 파크타워 진입로,30,Feb-16,02-2199-6662,37.523711,126.972352,2016-09-27
서울특별시 용산구청,서울특별시 용산구 이촌로37길 26,서울특별시 용산구 한강로3가 40-555,생활방범,1,130,골목주차장옆,30,Oct-16,02-2199-6662,37.538274,126.945435,2016-09-27
서울특별시 용산구청,서울특별시 용산구 이촌로37길 26,서울특별시 용산구 용산동5가 24-1,생활방범,1,130,용산동5가 24-1,30,Oct-16,02-2199-6662,37.547869,126.945299,2016-09-27
서울특별시 용산구청,서울특별시 용산구 이촌로37길 26,서울특별시 용산구 용산동5가 24-2,생활방범,1,130,용산동5가 24-2,30,Oct-16,02-2199-6662,37.546443,126.947122,2016-09-27
서울특별시 용산구청,서울특별시 용산구 한강대로14가길 58-18,서울특별시 용산구 한강로3가 65-141,생활방범,2,130,현대트럼프월드 뒤,30,Feb-16,02-2199-6662,37.539896,126.944434,2016-09-27
서울특별시 용산구청,서울특별시 용산구 한강대로53길 8,서울특별시 용산구 한강로1가 305-11,생활방범,1,41,삼각교회 앞,30,Feb-16,02-2199-6662,37.546326,126.957555,2016-09-27
서울특별시 용산구청,서울특별시 용산구 백범로99가길60,서울특별시 용산구 한강로동 57-1,어린이보호,2,130,용산초등학교 옆골목,30,Oct-16,02-2199-6662,37.547411,126.960367,2016-09-27
서울특별시 용산구청,서울특별시 용산구 한강대로39길 34-5,서울특별시 용산구 한강로2가 2-131,생활방범,2,130,벽산아파트뒷골목,30,Feb-16,02-2199-6662,37.544357,126.955762,2016-09-27
서울특별시 용산구청,서울특별시 용산구 이촌로29길8,서울특별시 용산구 한강로3가 40-875,생활방범,2,130,파크빌라입주 전신주(흑도야지식당앞),30,Nov-16,02-2199-6662,37.537073,126.946299,2016-09-27
서울특별시 용산구청,서울특별시 용산구 이촌로29길8,서울특별시 용산구 용산동3가 1-96,생활방범,1,200,삼각지 어린이 공원,30,Nov-16,02-2199-6662,37.534467,126.975417,2016-09-27
서울특별시 용산구청,서울특별시 용산구 새창로 221-19,서울특별시 용산구 한강로2가 2-16,생활방범,2,200,현대하이카 옆,30,Feb-16,02-2199-6662,37.530638,126.968325,2016-09-27
서울특별시 용산구청,서울특별시 용산구 새창로 221-19,서울특별시 용산구 한강로 3가 89,생활방범,1,200,LG U+ 사옥 앞 공원,30,Nov-16,02-2199-6662,37.523443,126.96396,2016-09-27
서울특별시 용산구청,서울특별시 용산구 새창로 221-19,서울특별시 용산구 한강로 3가 89,생활방범,1,200,LG U+ 사옥 앞 공원,30,Nov-16,02-2199-6662,37.523443,126.96396,2016-09-27
서울특별시 용산구청,서울특별시 용산구 새창로 221-19,서울특별시 용산구 이촌동 66-16,생활방범,1,41,동부이촌동녹지대 입구,30,Mar-16,02-2199-6662,37.55503,126.938701,2016-09-27
서울특별시 용산구청,서울특별시 용산구 이촌로64길 61,서울특별시 용산구 이촌동 302-64,생활방범,1,200,장미맨션 입구,30,Mar-16,02-2199-6662,37.543666,126.941569,2016-09-27
서울특별시 용산구청,서울특별시 용산구 이촌로64길 61,서울특별시 용산구 이촌동 302-55,생활방범,1,130,동부(아)1동 담장,30,Mar-16,02-2199-6662,37.54459,126.941561,2016-09-27
서울특별시 용산구청,서울특별시 용산구 이촌로46길 33,서울특별시 용산구 이촌동 302-75,생활방범,1,130,대한의사협회 앞,30,Mar-16,02-2199-6662,37.542475,126.942003,2016-09-27
서울특별시 용산구청,서울특별시 용산구 이촌로 174,서울특별시 용산구 이촌동 419,생활방범,1,41,이촌로46길 진입로,30,Mar-16,02-2199-6662,37.542938,126.941798,2016-09-27
서울특별시 용산구청,서울특별시 용산구 이촌로 174,서울특별시 용산구 이촌동 432,생활방범,2,130,엘지자이(아)105동 출구,30,Mar-16,02-2199-6662,37.545525,126.940708,2016-09-27
서울특별시 용산구청,서울특별시 용산구 이촌로 248,서울특별시 용산구 이촌동 300-166,생활방범,2,130,한강맨션 15동 옆,30,Mar-16,02-2199-6662,37.547251,126.940252,2016-09-27
서울특별시 용산구청,서울특별시 용산구 이촌로 219,서울특별시 용산구 이촌동 301-86,생활방범,1,41,꿈나무어린이공원 옆,30,Mar-16,02-2199-6662,37.544801,126.943113,2016-09-27
서울특별시 용산구청,서울특별시 용산구 이촌로 181,서울특별시 용산구 이촌동 415,생활방범,1,130,한강대우 105동 담장(한가람 201동 옆),30,Mar-16,02-2199-6662,37.545384,126.944011,2016-09-27
서울특별시 용산구청,서울특별시 용산구 이촌로 181,서울특별시 용산구 이촌동 417,생활방범,1,130,한강대우109동 앞(한가람 206동 옆),30,Mar-16,02-2199-6662,37.547577,126.943078,2016-09-27
서울특별시 용산구청,서울특별시 용산구 이촌로65가길 23,서울특별시 용산구 이촌동 406,생활방범,2,130,한가람(아)219동 옆(철도건널목),30,Mar-16,02-2199-6662,37.54768,126.944209,2016-09-27
서울특별시 용산구청,서울특별시 용산구 이촌로65가길 23,서울특별시 용산구 이촌동 409,생활방범,1,130,충신유치원 앞,30,Mar-16,02-2199-6662,37.548334,126.942395,2016-09-27
서울특별시 용산구청,서울특별시 용산구 이촌로65가길 23,서울특별시 용산구 이촌동 407-1,생활방범,1,130,한가람(아)214동 입구,30,Mar-16,02-2199-6662,37.549255,126.942806,2016-09-27
서울특별시 용산구청,서울특별시 용산구 이촌로65가길 91,서울특별시 용산구 이촌동 301-78,생활방범,1,130,용강중학교 옆(경로당 앞),30,Mar-16,02-2199-6662,37.550436,126.94265,2016-09-27
서울특별시 용산구청,서울특별시 용산구 이촌로 248,서울특별시 용산구 이촌동 300-23,생활방범,1,41,신용산초교 앞(한강맨션 31동 앞),30,Mar-16,02-2199-6662,37.549463,126.940703,2016-09-27
서울특별시 용산구청,서울특별시 용산구 이촌로87길 14,서울특별시 용산구 이촌동 403,생활방범,2,130,강촌아파트 105동 옆,30,Mar-16,02-2199-6662,37.553222,126.940625,2016-09-27
서울특별시 용산구청,서울특별시 용산구 이촌로87길 14,서울특별시 용산구 이촌동 402,생활방범,1,41,강촌아파트 101동 앞,30,Mar-16,02-2199-6662,37.551815,126.940256,2016-09-27
서울특별시 용산구청,서울특별시 용산구 이촌로87길 14,서울특별시 용산구 이촌동 412-1,생활방범,2,130,한강천주교 입구,30,Mar-16,02-2199-6662,37.551655,126.942529,2016-09-27
서울특별시 용산구청,서울특별시 용산구 이촌로89길 50,서울특별시 용산구 이촌동 301-54,생활방범,1,130,한가람유치원(강촌 109동 뒤),30,Mar-16,02-2199-6662,37.554493,126.940972,2016-09-27
서울특별시 용산구청,서울특별시 용산구 이촌로89길 50,서울특별시 용산구 이촌동 301-2,생활방범,2,130,왕궁맨션 1동 정문 앞,30,Mar-16,02-2199-6662,37.552582,126.939383,2016-09-27
서울특별시 용산구청,서울특별시 용산구 이촌로89길 50,서울특별시 용산구 이촌동 300-10,생활방범,1,41,신한은행 앞(구 조흥은행),30,Mar-16,02-2199-6662,37.552538,126.939454,2016-09-27
서울특별시 용산구청,서울특별시 용산구 이촌로89길 50,서울특별시 용산구 이촌동 301-163,생활방범,1,41,금강아산병원 앞(현대 21동 앞),30,Mar-16,02-2199-6662,37.555423,126.940135,2016-09-27
서울특별시 용산구청,서울특별시 용산구 이촌로89길 50,서울특별시 용산구 이촌동 301-176,생활방범,1,41,동작대교 밑(반도 앞),30,Mar-16,02-2199-6662,37.555394,126.939196,2016-09-27
서울특별시 용산구청,서울특별시 용산구 이촌로89길 50,서울특별시 용산구 이촌동 429,차량방범,2,41,엘지한강자이 앞,30,Aug-16,02-2199-6662,37.520647,126.970929,2016-09-27
서울특별시 용산구청,서울특별시 용산구 이촌로71길 42,서울특별시 용산구 이촌동 17-69,생활방범,2,130,이촌역4번출구 뒤,30,Aug-16,02-2199-6662,37.549008,126.943847,2016-09-27
서울특별시 용산구청,서울특별시 용산구 이촌로71길 24,서울특별시 용산구 이촌동 301-179,생활방범,3,130,동주민센터 앞,30,Aug-16,02-2199-6662,37.54794,126.943105,2016-09-27
서울특별시 용산구청,서울특별시 용산구 이촌로65가길 78,서울특별시 용산구 이촌1동 301-27,어린이보호,1,130,신용산초교 용강중 사이길,30,Dec-16,02-2199-6662,37.549674,126.942395,2016-09-27
서울특별시 용산구청,서울특별시 용산구 이촌로65가길 78,서울특별시 용산구 이촌1동 300-326,어린이보호,1,130,중경고 진입부 삼거리,30,Dec-16,02-2199-6662,37.551181,126.939666,2016-09-27
서울특별시 용산구청,서울특별시 용산구 이촌로87길 21,서울특별시 용산구 이촌1동 413-2,어린이보호,1,130,한가람유치원 전면,30,Dec-16,02-2199-6662,37.551347,126.942336,2016-09-27
서울특별시 용산구청,서울특별시 용산구 이촌로54길 17,서울특별시 용산구 이촌1동 302-90,어린이보호,2,130,장미맨션 앞 보도,30,Dec-16,02-2199-6662,37.543612,126.941964,2016-09-27
서울특별시 용산구청,서울특별시 용산구 이촌로77길 19,서울특별시 용산구 이촌동 301-37,어린이보호,1,130,파리크라상 앞,30,Nov-16,02-2199-6662,37.54947,126.942056,2016-09-27
서울특별시 용산구청,서울특별시 용산구 이촌로 255,서울특별시 용산구 이촌동 301-75,차량방범,2,41,신용산초등학교 앞,30,Jun-16,02-2199-6662,37.520029,126.975896,2016-09-27
서울특별시 용산구청,서울특별시 용산구 이촌로 255,서울특별시 용산구 이촌동 300-301,차량방범,2,41,삼익상가앞,30,Jun-16,02-2199-6662,37.518477,126.976034,2016-09-27
서울특별시 용산구청,서울특별시 용산구 이촌로 255,서울특별시 용산구 이촌동 301-195,차량방범,2,41,강촌아파트 4거리 103동,30,Jun-16,02-2199-6662,37.518708,126.978189,2016-09-27
서울특별시 용산구청,서울특별시 용산구 이촌로 255,서울특별시 용산구 이촌동 300-10,생활방범,1,130,점보아파트후문경비초소옆,30,Oct-16,02-2199-6662,37.552545,126.939281,2016-09-27
서울특별시 용산구청,서울특별시 용산구 이촌로 255,서울특별시 용산구 이촌동 300-10,생활방범,1,130,점보아파트뒤 주차장 중간,30,Oct-16,02-2199-6662,37.552545,126.939281,2016-09-27
서울특별시 용산구청,서울특별시 용산구 이촌로 255,서울특별시 용산구 이촌동 402,어린이보호,2,130,원유치원앞,30,Oct-16,02-2199-6662,37.551128,126.940608,2016-09-27
서울특별시 용산구청,서울특별시 용산구 이촌로 293,서울특별시 용산구 이촌동 301-61,생활방범,2,130,이촌아파트110동놀이터앞,30,Feb-16,02-2199-6662,37.552909,126.939565,2016-09-27
서울특별시 용산구청,서울특별시 용산구 이촌로 22,서울특별시 용산구 이촌1동 302-28,생활방범,2,130,타워맨션입구(버스정류장 삼거리),30,Feb-16,02-2199-6662,37.541469,126.942886,2016-09-27
서울특별시 용산구청,서울특별시 용산구 이촌로 174,서울특별시 용산구 이촌동 419,차량방범,3,41,충신교회 옆 공영주차장 옆,30,Feb-16,02-2199-6662,37.520446,126.966741,2016-09-27
서울특별시 용산구청,서울특별시 용산구 이촌로156,서울특별시 용산구 이촌동 302-87,생활방범,1,200,충신교회 주차장,30,Sep-16,02-2199-6662,37.52237,126.964211,2016-09-27
서울특별시 용산구청,서울특별시 용산구 이촌로156,서울특별시 용산구 이촌동 302-87,생활방범,1,200,렉스아파트 공원 기부채납,30,Feb-16,02-2199-6662,37.517037,126.979879,2016-09-27
서울특별시 용산구청,서울특별시 용산구 이촌로156,서울특별시 용산구 이촌동 408,생활방범,1,200,강변공원,30,Sep-16,02-2199-6662,37.521337,126.975045,2016-09-27
서울특별시 용산구청,서울특별시 용산구 이촌로 80-8,서울특별시 용산구 이촌동 199-1,생활방범,2,130,새남터 성당앞 공영주차장,30,May-16,02-2199-6662,37.534946,126.946937,2016-09-27
서울특별시 용산구청,서울특별시 용산구 이촌로2가길 42,서울특별시 용산구 이촌동 208-1,생활방범,2,130,이촌서부교회 내,30,May-16,02-2199-6662,37.532266,126.950978,2016-09-27
서울특별시 용산구청,서울특별시 용산구 이촌로 16,서울특별시 용산구 이촌동 212-1,생활방범,2,130,성촌공원내 화단,30,May-16,02-2199-6662,37.532771,126.953448,2016-09-27
서울특별시 용산구청,서울특별시 용산구 이촌로2가길 1,서울특별시 용산구 이촌동 212-3,생활방범,2,130,이촌소방서 앞,30,May-16,02-2199-6662,37.532087,126.95306,2016-09-27
서울특별시 용산구청,서울특별시 용산구 이촌로2가길 122,서울특별시 용산구 이촌동 395,생활방범,2,130,대림아파트 103동 입구,30,May-16,02-2199-6662,37.533619,126.946823,2016-09-27
서울특별시 용산구청,서울특별시 용산구 이촌로34길 29,서울특별시 용산구 이촌동 400,생활방범,2,130,현대한강 102동 앞,30,May-16,02-2199-6662,37.536131,126.944736,2016-09-27
서울특별시 용산구청,서울특별시 용산구 이촌로14길 11-22,서울특별시 용산구 이촌동 206-1,생활방범,2,130,동원베네스트담장,30,Jul-16,02-2199-6662,37.532876,126.949253,2016-09-27
서울특별시 용산구청,서울특별시 용산구 이촌로18길 15-6,서울특별시 용산구 이촌동 203-53,생활방범,3,130,동의자협의회 사무실 앞 전신주,30,Aug-16,02-2199-6662,37.533504,126.948044,2016-09-27
서울특별시 용산구청,서울특별시 용산구 이촌로18길 11-6,서울특별시 용산구 이촌동 203-38,생활방범,2,130,서울교회 옆,30,Aug-16,02-2199-6662,37.533712,126.948185,2016-09-27
서울특별시 용산구청,서울특별시 용산구 이촌로22길 18,서울특별시 용산구 이촌동 203-60,생활방범,2,130,문구점,30,Mar-16,02-2199-6662,37.533999,126.947462,2016-09-27
서울특별시 용산구청,서울특별시 용산구 이촌로 104,서울특별시 용산구 이촌동 193-3,차량방범,3,41,동아그린아파트 고가,30,Jun-16,02-2199-6662,37.523553,126.959272,2016-09-27
서울특별시 용산구청,서울특별시 용산구 이촌로 24,서울특별시 용산구 이촌2동 212-13,생활방범,2,130,버스정류소 앞,30,Feb-16,02-2199-6662,37.532836,126.952836,2016-09-27
서울특별시 용산구청,서울특별시 용산구 이촌로 80-8,서울특별시 용산구 이촌동 199,생활방범,1,130,고가밑거주자 우선주차지역,30,Feb-16,02-2199-6662,37.535383,126.946965,2016-09-27
서울특별시 용산구청,서울특별시 용산구 이촌로 80-8,서울특별시 용산구 이촌동 203-9,생활방범,2,130,고가 보행신호자 앞,30,Feb-16,02-2199-6662,37.53468,126.948126,2016-09-27
서울특별시 용산구청,서울특별시 용산구 이촌동 206-27,서울특별시 용산구 이촌동 206-27,생활방범,2,130,북한강성원아파트 입구,30,Feb-16,02-2199-6662,37.532652,126.949499,2016-09-27
서울특별시 용산구청,서울특별시 용산구 이촌동 209-22,서울특별시 용산구 이촌동 209-22,생활방범,3,130,시범아파트 2동 앞,30,Feb-16,02-2199-6662,37.532913,126.950082,2016-09-27
서울특별시 용산구청,서울특별시 용산구 이촌동 209-22,서울특별시 용산구 이촌동 206-1,생활방범,1,200,새싹 어린이 공원,30,Nov-16,02-2199-6662,37.52695,126.954483,2016-09-27
서울특별시 용산구청,서울특별시 용산구 이촌동 209-22,서울특별시 용산구 이촌동 172-1,생활방범,1,200,한강공원 출구,30,Feb-16,02-2199-6662,37.527466,126.953523,2016-09-27
서울특별시 용산구청,서울특별시 용산구 이태원로20길 32,서울특별시 용산구 이태원동 74-45,생활방범,2,200,한국야쿠르트 앞,30,Dec-16,02-2199-6662,37.563063,126.957499,2016-09-27
서울특별시 용산구청,서울특별시 용산구 우사단로 37,서울특별시 용산구 이태원동 132-4,생활방범,2,41,킹클럽 맞은 편,30,Dec-16,02-2199-6662,37.565414,126.958296,2016-09-27
서울특별시 용산구청,서울특별시 용산구 회나무로44길 154,서울특별시 용산구 이태원동 154-7,생활방범,2,41,이태원빌라 옆,30,Dec-16,02-2199-6662,37.561605,126.962359,2016-09-27
서울특별시 용산구청,서울특별시 용산구 녹사평대로40길 46,서울특별시 용산구 이태원동 457-3,생활방범,2,41,Aussie Shop 앞,30,Dec-16,02-2199-6662,37.559626,126.95915,2016-09-27
서울특별시 용산구청,서울특별시 용산구 이태원로16길 24-1,서울특별시 용산구 이태원동 63-17,생활방범,2,41,주택 앞,30,Feb-16,02-2199-6662,37.562277,126.957918,2016-09-27
서울특별시 용산구청,서울특별시 용산구 녹사평대로40다길 30,서울특별시 용산구 이태원동 187,생활방범,2,41,럭키하이마트 앞 놀이터,30,Jul-16,02-2199-6662,37.560865,126.960591,2016-09-27
서울특별시 용산구청,서울특별시 용산구 보광로46길 9,서울특별시 용산구 이태원동 20-78,생활방범,2,41,휘트니스헬스 뒤 주차장,30,Jul-16,02-2199-6662,37.565821,126.955614,2016-09-27
서울특별시 용산구청,서울특별시 용산구 보광로46길 9,서울특별시 용산구 이태원동 140-2,차량방범,1,41,보광초등학교 입구,30,Aug-16,02-2199-6662,37.532921,126.996324,2016-09-27
서울특별시 용산구청,서울특별시 용산구 보광로 119,서울특별시 용산구 이태원동 130-42,차량방범,2,41,해롯앤틱갤러리 앞,30,Aug-16,02-2199-6662,37.533302,126.994207,2016-09-27
서울특별시 용산구청,서울특별시 용산구 녹사평대로26길 51,서울특별시 용산구 이태원동 83-1,생활방범,4,130,외인차고 앞,30,Aug-16,02-2199-6662,37.563224,126.956183,2016-09-27
서울특별시 용산구청,서울특별시 용산구 보광로55길 15,서울특별시 용산구 이태원동 180-21,생활방범,3,130,그린빌라 앞,30,Aug-16,02-2199-6662,37.563941,126.95749,2016-09-27
서울특별시 용산구청,서울특별시 용산구 이태원로26길 45,서울특별시 용산구 이태원동 96-100,생활방범,2,130,골목길,30,Aug-16,02-2199-6662,37.56407,126.956922,2016-09-27
서울특별시 용산구청,서울특별시 용산구 이태원로17길 7-15,서울특별시 용산구 이태원동 166-14,생활방범,2,130,골든빌2차 위쪽,30,Aug-16,02-2199-6662,37.561802,126.960178,2016-09-27
서울특별시 용산구청,서울특별시 용산구 이태원로27가길 41,서울특별시 용산구 이태원동 119-9,생활방범,1,130,해밀턴호텔 뒤(쿠치나아카 앞),30,Aug-16,02-2199-6662,37.563404,126.959916,2016-09-27
서울특별시 용산구청,서울특별시 용산구 이태원로27가길 41,서울특별시 용산구 이태원1동 18-8,어린이보호,1,130,보광초 정문 옆 보도,30,Dec-16,02-2199-6662,37.566134,126.956872,2016-09-27
서울특별시 용산구청,서울특별시 용산구 이태원로 171,서울특별시 용산구 이태원1동 119-11,차량방범,2,41,노스비치,30,Jun-16,02-2199-6662,37.53464,126.993158,2016-09-27
서울특별시 용산구청,서울특별시 용산구 이태원로 188-1,서울특별시 용산구 이태원1동 127-5,차량방범,2,41,파리양복점,30,Jun-16,02-2199-6662,37.534266,126.994927,2016-09-27
서울특별시 용산구청,서울특별시 용산구 이태원로 153,서울특별시 용산구 이태원1동 172-2,차량방범,2,41,외환은행,30,Jun-16,02-2199-6662,37.53459,126.991005,2016-09-27
서울특별시 용산구청,서울특별시 용산구 우사단로 11-1,서울특별시 용산구 이태원1동 20-17,어린이보호,1,130,대화여관 앞,30,Nov-16,02-2199-6662,37.566332,126.955795,2016-09-27
서울특별시 용산구청,서울특별시 용산구 우사단로6길 9,서울특별시 용산구 이태원동 15-10,생활방범,2,130,여관앞 삼거리,30,Mar-16,02-2199-6662,37.566688,126.956431,2016-09-27
서울특별시 용산구청,서울특별시 용산구 이태원로 191,서울특별시 용산구 이태원1동 123-26,생활방범,2,130,삼성 어린이집 앞,30,Oct-16,02-2199-6662,37.565293,126.959841,2016-09-27
서울특별시 용산구청,서울특별시 용산구 이태원로23길 36,서울특별시 용산구 이태원1동 120-5,생활방범,2,130,부영주차장 앞,30,Oct-16,02-2199-6662,37.562351,126.960795,2016-09-27
서울특별시 용산구청,서울특별시 용산구 이태원로26길 22,서울특별시 용산구 이태원1동 129-6,생활방범,2,130,데뷰(술집) 앞,30,Feb-16,02-2199-6662,37.563893,126.958139,2016-09-27
서울특별시 용산구청,서울특별시 용산구 보광로50길 23,서울특별시 용산구 이태원1동 15-22앞,어린이보호,2,130,보광초등학교 앞 골목,30,Oct-16,02-2199-6662,37.531868,126.996149,2016-09-27
서울특별시 용산구청,서울특별시 용산구 이태원로143,서울특별시 용산구 이태원동 56-13,차량방범,2,41,이태원 입구진입로,30,Dec-16,02-2199-6662,37.533996,126.989349,2016-09-27
서울특별시 용산구청,서울특별시 용산구 이태원로 197,서울특별시 용산구 이태원동124-4,차량방범,2,200,카페베네 이태원점 앞,30,Sep-16,02-2199-6662,37.534823,126.995927,2016-09-27
서울특별시 용산구청,서울특별시 용산구 이태원로 27가길,서울특별시 용산구 이태원동 123-1,차량방범,2,200,이태원숯불갈비 모퉁이,30,Dec-16,02-2199-6662,37.534998,126.995238,2016-09-27
서울특별시 용산구청,서울특별시 용산구 보광로59-54,서울특별시 용산구 이태원동 59-4,생활방범,3,130,구청옆 편의점앞 사거리,30,Nov-16,02-2199-6662,37.561393,126.958429,2016-09-27
서울특별시 용산구청,서울특별시 용산구 보광로59-54,서울특별시 용산구 이태원동 455-52,어린이보호,2,130,이태원초등학교,30,Dec-16,02-2199-6662,37.534455,126.988808,2016-09-27
서울특별시 용산구청,서울특별시 용산구 회나무로44가길 76,서울특별시 용산구 이태원동 204-3,생활방범,3,130,이태원빌라 옆,30,Dec-16,02-2199-6662,37.562669,126.963815,2016-09-27
서울특별시 용산구청,서울특별시 용산구 회나무로12나길 5,서울특별시 용산구 이태원동 223-23,생활방범,2,200,디지텍 고교 앞,30,Dec-16,02-2199-6662,37.561591,126.964109,2016-09-27
서울특별시 용산구청,서울특별시 용산구 소월로40길 78,서울특별시 용산구 이태원동 258-245,생활방범,3,130,빌라 뒤,30,Dec-16,02-2199-6662,37.563347,126.968009,2016-09-27
서울특별시 용산구청,서울특별시 용산구 소월로40길 53,서울특별시 용산구 이태원동 260-54,생활방범,2,41,남산체육관 뒤,30,Dec-16,02-2199-6662,37.562362,126.968371,2016-09-27
서울특별시 용산구청,서울특별시 용산구 녹사평대로46길 54,서울특별시 용산구 이태원동 289-3,생활방범,3,130,어린이공원 앞,30,Dec-16,02-2199-6662,37.560529,126.963423,2016-09-27
서울특별시 용산구청,서울특별시 용산구 녹사평대로40나길 56,서울특별시 용산구 이태원동 367-1,생활방범,2,200,세탁소 옆,30,Dec-16,02-2199-6662,37.560171,126.962078,2016-09-27
서울특별시 용산구청,서울특별시 용산구 녹사평대로40길 19,서울특별시 용산구 이태원동 406,생활방범,2,41,이태원초등학교 후문,30,Jul-16,02-2199-6662,37.559002,126.960322,2016-09-27
서울특별시 용산구청,서울특별시 용산구 회나무로41길 50,서울특별시 용산구 이태원동 258-61,생활방범,2,41,계단 아래,30,Jul-16,02-2199-6662,37.563863,126.968654,2016-09-27
서울특별시 용산구청,서울특별시 용산구 회나무로41길 50,서울특별시 용산구 이태원동 258-467,생활방범,1,41,라틴아메리카 공원,30,Jul-16,02-2199-6662,37.540773,126.997028,2016-09-27
서울특별시 용산구청,서울특별시 용산구 회나무로13가길 64,서울특별시 용산구 이태원동 247-1,생활방범,3,130,한영슈퍼 사거리,30,Aug-16,02-2199-6662,37.563439,126.967084,2016-09-27
서울특별시 용산구청,서울특별시 용산구 녹사평대로46길 36,서울특별시 용산구 이태원동 324-12,생활방범,2,130,경리단 뒤쪽,30,Aug-16,02-2199-6662,37.559922,126.962996,2016-09-27
서울특별시 용산구청,서울특별시 용산구 녹사평대로46길 36,서울특별시 용산구 이태원동 154-23,생활방범,2,130,이태원삼호빌라,30,Aug-16,02-2199-6662,37.561271,126.962423,2016-09-27
서울특별시 용산구청,서울특별시 용산구 회나무로28길 62,서울특별시 용산구 이태원동 208-18,생활방범,3,130,현진빌라 앞,30,Aug-16,02-2199-6662,37.564183,126.964235,2016-09-27
서울특별시 용산구청,서울특별시 용산구 회나무로13가길 16,서울특별시 용산구 이태원2동 253-7,어린이보호,1,130,유성유치원 정문 앞,30,Dec-16,02-2199-6662,37.561448,126.966672,2016-09-27
서울특별시 용산구청,서울특별시 용산구 녹사평대로40길 19,서울특별시 용산구 이태원2동 406,어린이보호,1,130,수영장 입구,30,Nov-16,02-2199-6662,37.559607,126.961272,2016-09-27
서울특별시 용산구청,서울특별시 용산구 녹사평대로 210-26,서울특별시 용산구 이태원2동 431-2,어린이보호,1,130,수영장 뒷편,30,Nov-16,02-2199-6662,37.559071,126.960951,2016-09-27
서울특별시 용산구청,서울특별시 용산구 녹사평대로46가길 6,서울특별시 용산구 이태원2동 341-18,어린이보호,2,130,다래이용원 옆,30,Nov-16,02-2199-6662,37.559534,126.962333,2016-09-27
서울특별시 용산구청,서울특별시 용산구 녹사평대로40나길 11,서울특별시 용산구 이태원2동 450-2,어린이보호,2,130,그린마트 앞,30,Nov-16,02-2199-6662,37.559567,126.95992,2016-09-27
서울특별시 용산구청,서울특별시 용산구 녹사평대로 210-7,서울특별시 용산구 이태원동 416-1,생활방범,2,130,이태원우체국뒤 이태원초교담장,30,Mar-16,02-2199-6662,37.559007,126.961687,2016-09-27
서울특별시 용산구청,서울특별시 용산구 회나무로28길 35,서울특별시 용산구 이태원동 210-39,생활방범,2,130,영진식품옆 삼거리,30,Mar-16,02-2199-6662,37.563554,126.965131,2016-09-27
서울특별시 용산구청,서울특별시 용산구 회나무로28길 35,서울특별시 용산구 이태원2동 463,생활방범,1,130,성남어린이공원내,30,Jul-16,02-2199-6662,37.543572,126.989278,2016-09-27
서울특별시 용산구청,서울특별시 용산구 회나무로28길 35,서울특별시 용산구 이태원2동 463,생활방범,1,130,성남어린이공원내,30,Jul-16,02-2199-6662,37.543572,126.989278,2016-09-27
서울특별시 용산구청,서울특별시 용산구 회나무로42길 32,서울특별시 용산구 이태원2동 5-26,생활방범,3,130,필리핀대사관 뒤 사거리,30,Oct-16,02-2199-6662,37.564509,126.966265,2016-09-27
서울특별시 용산구청,서울특별시 용산구 회나무로 34,서울특별시 용산구 이태원2동 225-10,생활방범,2,130,네네치킨 옆,30,Oct-16,02-2199-6662,37.56129,126.965541,2016-09-27
서울특별시 용산구청,서울특별시 용산구 회나무로28가길 19,서울특별시 용산구 이태원2동 212-39,생활방범,3,130,주택앞,30,Feb-16,02-2199-6662,37.56248,126.964057,2016-09-27
서울특별시 용산구청,서울특별시 용산구 회나무로35길63,서울특별시 용산구 이태원동 229-5,차량방범,2,41,하얏트 호텔올라가는 언덕,30,Aug-16,02-2199-6662,37.54032,126.993478,2016-09-27
서울특별시 용산구청,서울특별시 용산구 회나무로26길 12,서울특별시 용산구 이태원동 226-3,차량방범,2,130,회나무로 중간 삼거리,30,Feb-16,02-2199-6662,37.539567,126.991294,2016-09-27
서울특별시 용산구청,서울특별시 용산구 녹사평대로 46가길30,서울특별시 용산구 이태원동193-77,생활방범,3,130,중간빌라,30,Nov-16,02-2199-6662,37.560502,126.961927,2016-09-27
서울특별시 용산구청,서울특별시 용산구 소월로38가길21,서울특별시 용산구 이태원동 261-10,생활방범,1,130,성남어린이공원앞,30,Nov-16,02-2199-6662,37.561125,126.969708,2016-09-27
서울특별시 용산구청,서울특별시 용산구 소월로38가길21,서울특별시 용산구 이태원동 251-15,어린이보호,3,130,유성유치원,30,Dec-16,02-2199-6662,37.561664,126.967563,2016-09-27
서울특별시 용산구청,서울특별시 용산구 소월로38가길21,서울특별시 용산구 이태원동 411,어린이보호,3,130,이태원초등학교,30,Dec-16,02-2199-6662,37.559131,126.962072,2016-09-27
서울특별시 용산구청,서울특별시 용산구 소월로38가길21,서울특별시 용산구 이태원동,생활방범,4,130,부군당부근,30,Apr-16,02-2199-6662,37.536226,126.9896,2016-09-27
서울특별시 용산구청,서울특별시 용산구 녹사평대로 254,서울특별시 용산구 이태원동 729,차량방범,2,200,이태원대림아파트 앞,30,May-16,02-2199-6662,37.541077,126.988802,2016-09-27
서울특별시 용산구청,서울특별시 용산구 녹사평대로 54길12,서울특별시 용산구 이태원동 627,생활방범,2,130,용산재활용 센터 앞,30,Sep-16,02-2199-6662,37.539225,126.987868,2016-09-27
서울특별시 용산구청,서울특별시 용산구 녹사평대로 54길12,서울특별시 용산구 이태원동 260-87,생활방범,2,41,이태원마을숲소공원,30,May-16,02-2199-6662,37.541263,126.991536,2016-09-27
서울특별시 용산구청,서울특별시 용산구 녹사평대로 54길12,서울특별시 용산구 이태원동 286-1,생활방범,2,130,이태원어린이공원,30,Sep-16,02-2199-6662,37.538385,126.98934,2016-09-27
서울특별시 용산구청,서울특별시 용산구 장문로45가길 39,서울특별시 용산구 한남동 568-57,생활방범,2,41,청석슈퍼 앞,30,Dec-16,02-2199-6662,37.572206,126.953538,2016-09-27
서울특별시 용산구청,서울특별시 용산구 독서당로5길 16-17,서울특별시 용산구 한남동 568-172,생활방범,2,130,비상소화장치 옆,30,Dec-16,02-2199-6662,37.573403,126.953502,2016-09-27
서울특별시 용산구청,서울특별시 용산구 대사관로24가길 15,서울특별시 용산구 한남동 647-1,생활방범,2,130,태성빌라 뒤,30,Dec-16,02-2199-6662,37.572352,126.957353,2016-09-27
서울특별시 용산구청,서울특별시 용산구 대사관로30가길 27,서울특별시 용산구 한남동 649-1,생활방범,2,130,만물슈퍼 앞,30,Dec-16,02-2199-6662,37.572352,126.95646,2016-09-27
서울특별시 용산구청,서울특별시 용산구 대사관로20길 38,서울특별시 용산구 한남동 653-58,생활방범,3,130,자스민하우스 앞,30,Dec-16,02-2199-6662,37.571171,126.957459,2016-09-27
서울특별시 용산구청,서울특별시 용산구 대사관로11길 8-15,서울특별시 용산구 한남동 657-15②,생활방범,3,200,캄보디아 대사관 뒤,30,Dec-16,02-2199-6662,37.571125,126.959265,2016-09-27
서울특별시 용산구청,서울특별시 용산구 이태원로54길 43,서울특별시 용산구 한남동 684-6②,생활방범,2,41,한일 경로당앞,30,Dec-16,02-2199-6662,37.570841,126.963358,2016-09-27
서울특별시 용산구청,서울특별시 용산구 이태원로54길 58,서울특별시 용산구 한남동 683-52②,생활방범,2,130,고향마트 맞은 편,30,Dec-16,02-2199-6662,37.5698,126.961334,2016-09-27
서울특별시 용산구청,서울특별시 용산구 대사관로5길 27,서울특별시 용산구 한남동 685-10②,생활방범,2,130,철물점 옆,30,Dec-16,02-2199-6662,37.569214,126.960673,2016-09-27
서울특별시 용산구청,서울특별시 용산구 우사단로10길 41,서울특별시 용산구 한남동 732-150②,생활방범,2,130,이슬람 사원 앞,30,Dec-16,02-2199-6662,37.567445,126.957758,2016-09-27
서울특별시 용산구청,서울특별시 용산구 우사단로10길 41,서울특별시 용산구 한남동 732-9②,생활방범,2,200,다세대주택 앞,30,May-16,02-2199-6662,37.568215,126.958281,2016-09-27
서울특별시 용산구청,서울특별시 용산구 독서당로34길 22,서울특별시 용산구 한남동 1-353①,생활방범,2,41,한강시범아파트 입구,30,May-16,02-2199-6662,37.578913,126.965074,2016-09-27
서울특별시 용산구청,서울특별시 용산구 우사단로10길 95,서울특별시 용산구 한남동 758-12②,생활방범,1,130,민들레 미용실 앞,30,May-16,02-2199-6662,37.56961,126.956522,2016-09-27
서울특별시 용산구청,서울특별시 용산구 대사관로30나길 26-6,서울특별시 용산구 한남동 578-3①,생활방범,2,41,경향하이츠빌라 뒤,30,Feb-16,02-2199-6662,37.572735,126.955353,2016-09-27
서울특별시 용산구청,서울특별시 용산구 한남대로46길 2-3,서울특별시 용산구 한남동 792-3②,생활방범,2,41,할리데이비슨 대리점 위편 주택가,30,Jul-16,02-2199-6662,37.570754,126.969569,2016-09-27
서울특별시 용산구청,서울특별시 용산구 독서당로5길 16,서울특별시 용산구 한남동 568-5①,생활방범,2,200,골목길,30,Jul-16,02-2199-6662,37.573945,126.953853,2016-09-27
서울특별시 용산구청,서울특별시 용산구 한남대로8길 9-2,서울특별시 용산구 한남동 419①,생활방범,2,41,한국입정교성회 뒤,30,Jul-16,02-2199-6662,37.577411,126.95579,2016-09-27
서울특별시 용산구청,서울특별시 용산구 서빙고로 417,서울특별시 용산구 한남동 551①,생활방범,2,41,하이페리온2차 정문 앞,30,Jul-16,02-2199-6662,37.573928,126.952333,2016-09-27
서울특별시 용산구청,서울특별시 용산구 한남대로40길 63,서울특별시 용산구 한남동 726-339②,차량방범,2,130,,30,Mar-16,02-2199-6662,37.544624,127.003333,2016-09-27
서울특별시 용산구청,서울특별시 용산구 한남대로40길 71,서울특별시 용산구 한남동 726-331②,차량방범,2,130,,30,Mar-16,02-2199-6662,37.544995,127.003077,2016-09-27
서울특별시 용산구청,서울특별시 용산구 한남대로40길 51,서울특별시 용산구 한남동 726-343(동)②,차량방범,1,130,,30,Mar-16,02-2199-6662,37.54418,127.003583,2016-09-27
서울특별시 용산구청,서울특별시 용산구 한남대로40길 51,서울특별시 용산구 한남동 726-343(서)②,차량방범,2,130,,30,Mar-16,02-2199-6662,37.54418,127.003583,2016-09-27
서울특별시 용산구청,서울특별시 용산구 한남대로42길 33,서울특별시 용산구 한남동 790-3②,차량방범,1,130,,30,Mar-16,02-2199-6662,37.543643,127.002869,2016-09-27
서울특별시 용산구청,서울특별시 용산구 한남대로40길 22,서울특별시 용산구 한남동 726-90②,차량방범,2,130,,30,Mar-16,02-2199-6662,37.542898,127.003468,2016-09-27
서울특별시 용산구청,서울특별시 용산구 한남대로42길 12,서울특별시 용산구 한남동 794-8②,차량방범,1,130,,30,Mar-16,02-2199-6662,37.542558,127.002981,2016-09-27
서울특별시 용산구청,서울특별시 용산구 한남대로46길 16,서울특별시 용산구 한남동 791-9②,차량방범,2,130,,30,Mar-16,02-2199-6662,37.543212,127.00241,2016-09-27
서울특별시 용산구청,서울특별시 용산구 한남대로42길 24,서울특별시 용산구 한남동 789-6②,차량방범,3,130,,30,Mar-16,02-2199-6662,37.543166,127.003131,2016-09-27
서울특별시 용산구청,서울특별시 용산구 한남대로46길 38,서울특별시 용산구 한남동 726-380②,차량방범,2,130,,30,Mar-16,02-2199-6662,37.54427,127.00259,2016-09-27
서울특별시 용산구청,서울특별시 용산구 한남대로46길 38,서울특별시 용산구 한남동 738-9②,생활방범,1,130,한남동 어린이놀이터,30,Mar-16,02-2199-6662,37.536613,126.999562,2016-09-27
서울특별시 용산구청,서울특별시 용산구 한남대로46길 38,서울특별시 용산구 한남동 738-9②,생활방범,1,130,한남동 어린이놀이터,30,Mar-16,02-2199-6662,37.536613,126.999562,2016-09-27
서울특별시 용산구청,서울특별시 용산구 독서당로 73,서울특별시 용산구 한남동 263-10①,차량방범,2,41,성아맨션아파트 앞,30,Aug-16,02-2199-6662,37.534199,127.008637,2016-09-27
서울특별시 용산구청,서울특별시 용산구 대사관로31길 34,서울특별시 용산구 한남동 704-16②,차량방범,2,41,단국대버스정류장(SK주유소 입구),30,Aug-16,02-2199-6662,37.534909,127.006085,2016-09-27
서울특별시 용산구청,서울특별시 용산구 한남대로27길 19,서울특별시 용산구 한남동 696-3,생활방범,2,130,한남타워 담장,30,Aug-16,02-2199-6662,37.57174,126.963517,2016-09-27
서울특별시 용산구청,서울특별시 용산구 한남대로42가길 32,서울특별시 용산구 한남동 726-358②,생활방범,3,130,성아슈퍼 앞 사거리,30,Aug-16,02-2199-6662,37.571073,126.971376,2016-09-27
서울특별시 용산구청,서울특별시 용산구 한남대로20길 61-10,서울특별시 용산구 한남동 32-18,생활방범,2,130,몽골 대사관 앞 막다른 골목 입구,30,Aug-16,02-2199-6662,37.577535,126.960899,2016-09-27
서울특별시 용산구청,서울특별시 용산구 독서당로6길 32,서울특별시 용산구 한남동 508①,생활방범,2,130,리버탑 빌라 앞,30,Aug-16,02-2199-6662,37.576063,126.954428,2016-09-27
서울특별시 용산구청,서울특별시 용산구 대사관로30가길 66,서울특별시 용산구 한남동 767-9①,생활방범,2,130,좁은 골목길,30,Aug-16,02-2199-6662,37.571044,126.955839,2016-09-27
서울특별시 용산구청,서울특별시 용산구 독서당로 123,서울특별시 용산구 한남동 4-28 ①,어린이보호,1,130,독일인학교 진입부,30,Dec-16,02-2199-6662,37.578762,126.963213,2016-09-27
서울특별시 용산구청,서울특별시 용산구 이태원로 271,서울특별시 용산구 한남동 산10-214②,어린이보호,1,130,용산국제학교 정문 앞,30,Dec-16,02-2199-6662,37.570124,126.96598,2016-09-27
서울특별시 용산구청,서울특별시 용산구 이태원로 240,서울특별시 용산구 한남동 683-142②,차량방범,2,41,백제가든,30,Jun-16,02-2199-6662,37.536115,127.000164,2016-09-27
서울특별시 용산구청,서울특별시 용산구 한남대로 110,서울특별시 용산구 한남동 722-11②,어린이보호,1,130,둥지부동산 앞,30,Nov-16,02-2199-6662,37.572761,126.964092,2016-09-27
서울특별시 용산구청,서울특별시 용산구 한남대로28가길 36,서울특별시 용산구 한남동 712-8②,생활방범,2,130,한남초교 옆 골목 끝부분,30,Mar-16,02-2199-6662,37.573884,126.962732,2016-09-27
서울특별시 용산구청,서울특별시 용산구 대사관로34나길 33-16,서울특별시 용산구 한남동 567-1①,생활방범,2,130,주택밀집지역,30,Mar-16,02-2199-6662,37.573184,126.953756,2016-09-27
서울특별시 용산구청,서울특별시 용산구 독서당로14길 73-4,서울특별시 용산구 한남동 468-5①,생활방범,2,130,한미빌라,30,Mar-16,02-2199-6662,37.576627,126.954485,2016-09-27
서울특별시 용산구청,서울특별시 용산구 한남대로10길 58-11,서울특별시 용산구 한남동 316-3,생활방범,1,130,주택 앞,30,Oct-16,02-2199-6662,37.576184,126.958005,2016-09-27
서울특별시 용산구청,서울특별시 용산구 독서당로3길 23,서울특별시 용산구 한남동 557-47,생활방범,2,130,청운독서실 옆,30,Oct-16,02-2199-6662,37.573803,126.952938,2016-09-27
서울특별시 용산구청,서울특별시 용산구 대사관로31길 8,서울특별시 용산구 한남동 657-87,생활방범,3,130,이쯔모 앞,30,Feb-16,02-2199-6662,37.573848,126.958745,2016-09-27
서울특별시 용산구청,서울특별시 용산구 이태원로 272,서울특별시 용산구 한남동 729-47,생활방범,2,41,한아름슈퍼 앞,30,Feb-16,02-2199-6662,37.570499,126.964729,2016-09-27
서울특별시 용산구청,서울특별시 용산구 이태원로42길54,서울특별시 용산구 한남동 683-42,생활방범,2,130,골목계단밑,30,Feb-16,02-2199-6662,37.56973,126.962186,2016-09-27
서울특별시 용산구청,서울특별시 용산구 대사관로34나길 35,서울특별시 용산구 한남동 567-2,생활방범,2,130,재개발지역 구멍가게앞,30,Feb-16,02-2199-6662,37.572967,126.953854,2016-09-27
서울특별시 용산구청,서울특별시 용산구 한남대로28가길 31-10,서울특별시 용산구 한남동 712-10,생활방범,1,130,응봉공원입구(수정빌라뒤),30,Feb-16,02-2199-6662,37.574165,126.962677,2016-09-27
서울특별시 용산구청,서울특별시 용산구 다산로8-12,서울특별시 용산구 한남동 산8-1,생활방범,2,130,응봉공원(매봉놀이마당 입구),30,Oct-16,02-2199-6662,37.544566,127.005308,2016-09-27
서울특별시 용산구청,서울특별시 용산구 다산로8-12,서울특별시 용산구 한남동 산8-1,생활방범,1,41,응봉공원내(한남테니스장옆),30,Oct-16,02-2199-6662,37.544566,127.005308,2016-09-27
서울특별시 용산구청,서울특별시 용산구 대사관로 59,서울특별시 용산구 한남동 657-58,차량방범,2,130,순천향병원앞,30,Feb-16,02-2199-6662,37.533692,127.00427,2016-09-27
서울특별시 용산구청,서울특별시 용산구 다산로8-12,서울특별시 용산구 한남동 산8-1,생활방범,1,41,응봉공원내,30,Feb-16,02-2199-6662,37.544566,127.005308,2016-09-27
서울특별시 용산구청,서울특별시 용산구 이태원로 271,서울특별시 용산구 한남동 산10-214,차량방범,2,200,용산여성문화원 건너편 주변,30,Sep-16,02-2199-6662,37.539333,127.001303,2016-09-27
서울특별시 용산구청,서울특별시 용산구 이태원로 264,서울특별시 용산구 한남동682-20,차량방범,2,200,브랜든체이슨,30,Sep-16,02-2199-6662,37.538101,127.001758,2016-09-27
서울특별시 용산구청,서울특별시 용산구 한남대로 60,서울특별시 용산구 한남동 72-1,차량방범,2,200,한남리센시아앞,30,Dec-16,02-2199-6662,37.534503,127.007979,2016-09-27
서울특별시 용산구청,서울특별시 용산구 장문로49길88,서울특별시 용산구 한남동620-145,생활방범,2,130,도깨비시장올라가는길중간,30,Nov-16,02-2199-6662,37.572203,126.955103,2016-09-27
서울특별시 용산구청,서울특별시 용산구 우사단로10다길14,서울특별시 용산구 한남동764-15,생활방범,2,130,내려오는 골목,30,Nov-16,02-2199-6662,37.570536,126.956421,2016-09-27
서울특별시 용산구청,서울특별시 용산구 우사단로10다길14,서울특별시 용산구 한남동 723-6,어린이보호,2,130,한남초등학교,30,Dec-16,02-2199-6662,37.573558,126.964423,2016-09-27
서울특별시 용산구청,서울특별시 용산구 우사단로10다길14,서울특별시 용산구 한남동 산8-1,생활방범,2,130,응봉공원한남동어울림마당,30,Apr-16,02-2199-6662,37.544566,127.005308,2016-09-27
서울특별시 용산구청,서울특별시 용산구 우사단로10다길14,서울특별시 용산구 한남동 산8-1,생활방범,1,130,응봉공원한남동어울림마당,30,Apr-16,02-2199-6662,37.544566,127.005308,2016-09-27
서울특별시 용산구청,서울특별시 용산구 우사단로10라길17,서울특별시 용산구 한남동766-1,생활방범,2,130,골목길과 비탈길 사이,30,Sep-16,02-2199-6662,37.533296,127.001692,2016-09-27
서울특별시 용산구청,서울특별시 용산구 한남대로 36길 13,서울특별시 용산구 한남동 726-77,생활방범,2,130,스페인대사관 올라가는 골목,30,Sep-16,02-2199-6662,37.54251,127.004624,2016-09-27
서울특별시 용산구청,서울특별시 용산구 한남동 512-6,서울특별시 용산구 독서당로6길 16,차량방범,3,200,한남유수지공영주차장,30,Sep-16,02-2199-6662,37.529671,127.008262,2016-09-27
서울특별시 용산구청,서울특별시 용산구 한남동 512-6,서울특별시 용산구 독서당로6길 16,차량방범,2,200,UN빌리지 건너편,30,Feb-16,02-2199-6662,37.534167,127.0104,2016-09-27
서울특별시 용산구청,서울특별시 용산구 한남동 512-6,서울특별시 용산구 대사관로7길 5,차량방범,2,200,한남어린이집 앞,30,Feb-16,02-2199-6662,37.534403,127.000646,2016-09-27
서울특별시 용산구청,서울특별시 용산구 이촌로 343-20,서울특별시 용산구 용산동6가 69-11,생활방범,2,130,이촌지하보도 내,30,Mar-16,02-2199-6662,37.556386,126.94016,2016-09-27
서울특별시 용산구청,서울특별시 용산구 이촌로 344-15,서울특별시 용산구 용산동6가 69-163,생활방범,1,41,쌍용양회전시장 옆 공원,30,Mar-16,02-2199-6662,37.556703,126.93854,2016-09-27
서울특별시 용산구청,서울특별시 용산구 이촌로 347-11,서울특별시 용산구 서빙고동 241-96,생활방범,1,41,온누리교회 입구,30,Mar-16,02-2199-6662,37.55766,126.939522,2016-09-27
서울특별시 용산구청,서울특별시 용산구 이촌로 344-15,서울특별시 용산구 용산동6가 69-163,생활방범,1,130,이촌지하보도 입구,30,Jun-16,02-2199-6662,37.557029,126.938324,2016-09-27
서울특별시 용산구청,서울특별시 용산구 이촌로 347,서울특별시 용산구 서빙고동 241-21,생활방범,1,41,신동아 아파트 후문,30,Jun-16,02-2199-6662,37.558101,126.939019,2016-09-27
서울특별시 용산구청,서울특별시 용산구 이촌로 347,서울특별시 용산구 서빙고동 241-5,생활방범,1,130,서빙고역 육교,30,Jun-16,02-2199-6662,37.561165,126.940642,2016-09-27
서울특별시 용산구청,서울특별시 용산구 서빙고로91가길 19,서울특별시 용산구 주성동 34-1,생활방범,2,130,산돌교회 옆,30,Jun-16,02-2199-6662,37.568524,126.94555,2016-09-27
서울특별시 용산구청,서울특별시 용산구 서빙고로71길 27,서울특별시 용산구 동빙고동 196-2,생활방범,3,130,은빛세탁소,30,Jun-16,02-2199-6662,37.565771,126.944267,2016-09-27
서울특별시 용산구청,서울특별시 용산구 서빙고로71길 27,서울특별시 용산구 동빙고동 9-1,생활방범,2,41,동빙고 삼거리,30,Feb-16,02-2199-6662,37.566144,126.94832,2016-09-27
서울특별시 용산구청,서울특별시 용산구 서빙고로71길 27,서울특별시 용산구 서빙고동 52-3,생활방범,3,41,서빙고할머니경로당 앞,30,Feb-16,02-2199-6662,37.564269,126.946186,2016-09-27
서울특별시 용산구청,서울특별시 용산구 서빙고로67길 35,서울특별시 용산구 서빙고동 89,생활방범,3,41,부동산 앞 삼거리,30,Feb-16,02-2199-6662,37.56502,126.944387,2016-09-27
서울특별시 용산구청,서울특별시 용산구 서빙고로75길 12,서울특별시 용산구 동빙고동 89-1,생활방범,2,200,새마을금고 앞,30,Feb-16,02-2199-6662,37.56686,126.944117,2016-09-27
서울특별시 용산구청,서울특별시 용산구 서빙고로75길 12,서울특별시 용산구 주성동 42-41,생활방범,3,41,주성맨션 입구,30,Jul-16,02-2199-6662,37.567934,126.944849,2016-09-27
서울특별시 용산구청,서울특별시 용산구 이촌로 343-20,서울특별시 용산구 용산동6가 69-11,생활방범,4,41,동작대교 밑 주차장 내,30,Jul-16,02-2199-6662,37.556089,126.939311,2016-09-27
서울특별시 용산구청,서울특별시 용산구 서빙고로65길 30,서울특별시 용산구 서빙고동 110,생활방범,1,130,두란노 앞 지하보도내,30,Aug-16,02-2199-6662,37.564748,126.943757,2016-09-27
서울특별시 용산구청,서울특별시 용산구 서빙고로91나길 66-7,서울특별시 용산구 동빙고동 34-4,생활방범,2,130,주택가,30,Aug-16,02-2199-6662,37.566661,126.947455,2016-09-27
서울특별시 용산구청,서울특별시 용산구 서빙고로51가길 9,서울특별시 용산구 서빙고동 4-108,생활방범,2,130,미군부대 정문 앞,30,Aug-16,02-2199-6662,37.56254,126.944692,2016-09-27
서울특별시 용산구청,서울특별시 용산구 서빙고로51길 14,서울특별시 용산구 서빙고동 235-1,어린이보호,1,130,서빙고초교 정문 앞 보도,30,Dec-16,02-2199-6662,37.56292,126.943793,2016-09-27
서울특별시 용산구청,서울특별시 용산구 녹사평대로11가길 14,서울특별시 용산구 서빙고동 4-26,어린이보호,3,130,서빙고초교 후문 앞,30,Dec-16,02-2199-6662,37.563787,126.944246,2016-09-27
서울특별시 용산구청,서울특별시 용산구 녹사평대로14길 33,서울특별시 용산구 동빙고동 227,어린이보호,1,130,동빙고어린이집 앞,30,Dec-16,02-2199-6662,37.564526,126.946209,2016-09-27
서울특별시 용산구청,서울특별시 용산구 서빙고로62길 43-3,서울특별시 용산구 서빙고동 271-36,생활방범,2,130,철길지나 마을입구,30,Mar-16,02-2199-6662,37.562666,126.941128,2016-09-27
서울특별시 용산구청,서울특별시 용산구 이촌로 347-11,서울특별시 용산구 서빙고동 241-96,차량방범,2,41,온누리교회 앞,30,Jun-16,02-2199-6662,37.518279,126.985348,2016-09-27
서울특별시 용산구청,서울특별시 용산구 서빙고로75가길 9,서울특별시 용산구 동빙고동 72,생활방범,2,41,오색꿈 어린이집 앞,30,Feb-16,02-2199-6662,37.566558,126.944836,2016-09-27
서울특별시 용산구청,서울특별시 용산구 서빙고로51가길 29,서울특별시 용산구 서빙고동 4-18앞,어린이보호,2,130,서빙고초등학교후문,30,Oct-16,02-2199-6662,37.563224,126.945898,2016-09-27
서울특별시 용산구청,서울특별시 용산구 녹사평대로14길 26,서울특별시 용산구 동빙고동 254-4,어린이보호,2,130,빌라 삼거리앞,30,Oct-16,02-2199-6662,37.565319,126.945945,2016-09-27
서울특별시 용산구청,서울특별시 용산구 서빙고로 79가길40-2,서울특별시 용산구 동빙고동81-71,생활방범,3,130,서빙고 새마을금고에서 윗쪽으로 약100m(소골목삼거리),30,Nov-16,02-2199-6662,37.567245,126.945406,2016-09-27
서울특별시 용산구청,서울특별시 용산구 서빙고로 73길,서울특별시 용산구 동빙고동 106-1,생활방범,3,130,한간상회 앞,30,Sep-16,02-2199-6662,37.522152,126.995922,2016-09-27
서울특별시 용산구청,서울특별시 용산구 서빙고로 71길62,서울특별시 용산구 동빙고동 49-1,생활방범,2,130,그림숲 어린이집,30,Sep-16,02-2199-6662,37.524094,126.995618,2016-09-27
서울특별시 용산구청,서울특별시 용산구 우사단로2길 13,서울특별시 용산구 보광동 272-14,생활방범,3,41,미사랑앞 삼거리,30,Feb-16,02-2199-6662,37.567167,126.954993,2016-09-27
서울특별시 용산구청,서울특별시 용산구 우사단로2가길 6,서울특별시 용산구 보광동 265-743,생활방범,2,200,삼거리마트 앞,30,Feb-16,02-2199-6662,37.568666,126.953867,2016-09-27
서울특별시 용산구청,서울특별시 용산구 장문로45길 45,서울특별시 용산구 보광동 9-8,생활방범,3,130,삼방빌라 앞,30,Feb-16,02-2199-6662,37.570425,126.952608,2016-09-27
서울특별시 용산구청,서울특별시 용산구 보광로 30,서울특별시 용산구 보광동 260-8,생활방범,3,41,보광시장 뒤,30,Feb-16,02-2199-6662,37.569597,126.950687,2016-09-27
서울특별시 용산구청,서울특별시 용산구 보광로 30,서울특별시 용산구 보광동 231-17,생활방범,3,130,놀이터 앞,30,Feb-16,02-2199-6662,37.567706,126.951658,2016-09-27
서울특별시 용산구청,서울특별시 용산구 장문로15나길 6,서울특별시 용산구 보광동 419,생활방범,3,41,보광사 뒤,30,Feb-16,02-2199-6662,37.5672,126.950578,2016-09-27
서울특별시 용산구청,서울특별시 용산구 보광로7길 46,서울특별시 용산구 보광동 216-8,생활방범,3,41,주택 앞 삼거리,30,Feb-16,02-2199-6662,37.568075,126.948925,2016-09-27
서울특별시 용산구청,서울특별시 용산구 보광로7길 46,서울특별시 용산구 보광동 168,생활방범,3,41,오산고등학교 후문,30,Feb-16,02-2199-6662,37.568724,126.948903,2016-09-27
서울특별시 용산구청,서울특별시 용산구 우사단로10길 156,서울특별시 용산구 보광동 3-250,생활방범,3,41,한광교회 앞 소공원,30,Feb-16,02-2199-6662,37.571731,126.954471,2016-09-27
서울특별시 용산구청,서울특별시 용산구 장문로45길 69,서울특별시 용산구 보광동 264-51,생활방범,3,130,보광어린이집 앞 사거리,30,Feb-16,02-2199-6662,37.569582,126.953171,2016-09-27
서울특별시 용산구청,서울특별시 용산구 장문로45다길 22,서울특별시 용산구 보광동 3-48,생활방범,3,41,계단 아래,30,Jul-16,02-2199-6662,37.570864,126.953745,2016-09-27
서울특별시 용산구청,서울특별시 용산구 장문로 106,서울특별시 용산구 보광동 80-3,차량방범,1,41,바이더웨이 사거리,30,Aug-16,02-2199-6662,37.526201,127.001402,2016-09-27
서울특별시 용산구청,서울특별시 용산구 장문로41길 14,서울특별시 용산구 보광동 15-28,생활방범,2,130,중앙아트빌라 앞 삼거리,30,Aug-16,02-2199-6662,37.5711,126.95145,2016-09-27
서울특별시 용산구청,서울특별시 용산구 보광로30길 36-3,서울특별시 용산구 보광동 251-10,생활방범,2,130,평양미인 옆,30,Aug-16,02-2199-6662,37.569113,126.953026,2016-09-27
서울특별시 용산구청,서울특별시 용산구 우사단로2가길 39-3,서울특별시 용산구 보광동 265-64,생활방범,2,130,골목내 삼거리,30,Aug-16,02-2199-6662,37.569957,126.954603,2016-09-27
서울특별시 용산구청,서울특별시 용산구 우사단로4길 75,서울특별시 용산구 보광동 265-426,생활방범,3,130,그냥갈수없잖아슈퍼 옆,30,Aug-16,02-2199-6662,37.569798,126.955563,2016-09-27
서울특별시 용산구청,서울특별시 용산구 우사단로4다길 13,서울특별시 용산구 보광동 265-439,생활방범,2,130,백영세탁소옆골목,30,Aug-16,02-2199-6662,37.568305,126.954961,2016-09-27
서울특별시 용산구청,서울특별시 용산구 보광로31길 1,서울특별시 용산구 보광동 244-5,생활방범,4,130,하나투어 앞,30,Aug-16,02-2199-6662,37.567573,126.953025,2016-09-27
서울특별시 용산구청,서울특별시 용산구 보광로24길 13,서울특별시 용산구 보광동 253-44,어린이보호,2,130,성심유치원 진입부,30,Dec-16,02-2199-6662,37.568956,126.952387,2016-09-27
서울특별시 용산구청,서울특별시 용산구 보광로7길 38,서울특별시 용산구 보광동 216-26,생활방범,2,130,주택가 밀집지역,30,Mar-16,02-2199-6662,37.56861,126.94896,2016-09-27
서울특별시 용산구청,서울특별시 용산구 우사단로2나길 7,서울특별시 용산구 보광동 265-38,생활방범,2,130,주택가 밀집지역,30,Mar-16,02-2199-6662,37.569317,126.953899,2016-09-27
서울특별시 용산구청,서울특별시 용산구 장문로45바길 46,서울특별시 용산구 보광동 3-278,생활방범,3,130,해성공인중개사앞,30,Mar-16,02-2199-6662,37.571108,126.954709,2016-09-27
서울특별시 용산구청,서울특별시 용산구 서빙고로95길 7,서울특별시 용산구 보광동 68,생활방범,2,130,캐피탈빌라 앞,30,Oct-16,02-2199-6662,37.571582,126.94981,2016-09-27
서울특별시 용산구청,서울특별시 용산구 우사단로 3,서울특별시 용산구 보광동 274-1,차량방범,3,41,폴리텍 대학앞 삼거리,30,Feb-16,02-2199-6662,37.530704,126.996635,2016-09-27
서울특별시 용산구청,서울특별시 용산구 우사단로10길 70-7,서울특별시 용산구 보광동 265-296,생활방범,2,130,보광동교회 어린이집 입구,30,Feb-16,02-2199-6662,37.568322,126.956152,2016-09-27
서울특별시 용산구청,서울특별시 용산구 장문로17길 26,서울특별시 용산구 보광동 368,생활방범,2,130,주택 앞,30,Feb-16,02-2199-6662,37.568007,126.950062,2016-09-27
서울특별시 용산구청,서울특별시 용산구 장문로 119,서울특별시 용산구 보광동 22-1,생활방범,2,41,현대홈타운가는길,30,Feb-16,02-2199-6662,37.571219,126.950712,2016-09-27
서울특별시 용산구청,서울특별시 용산구 장문로17길5,서울특별시 용산구 보광동 390,생활방범,2,130,보광동 언덕올라가기전뒤편골목,30,Feb-16,02-2199-6662,37.571108,126.954709,2016-09-27
서울특별시 용산구청,서울특별시 용산구 보광로12가길 25,서울특별시 용산구 보광동 10-1,어린이보호,2,130,보광어린이집 아래 골목길,30,Feb-16,02-2199-6662,37.527846,127.000959,2016-09-27
서울특별시 용산구청,서울특별시 용산구 우사단로2길24,서울특별시 용산구 보광동240-24 인근,생활방범,3,130,신태양 약국앞,30,Nov-16,02-2199-6662,37.56646,126.954858,2016-09-27
서울특별시 용산구청,서울특별시 용산구 서빙고로 91라길35,서울특별시 용산구 보광동 209-32 인근,생활방범,1,130,오산고등학교 후문      골목중간,30,Nov-16,02-2199-6662,37.568322,126.956152,2016-09-27
서울특별시 용산구청,서울특별시 용산구 서빙고로 91라길35,서울특별시 용산구 보광동 272-870,어린이보호,2,130,보광초등학교,30,Dec-16,02-2199-6662,37.532742,126.996712,2016-09-27
서울특별시 용산구청,서울특별시 용산구 서빙고로 91라길35,서울특별시 용산구 보광동 264-19,어린이보호,1,130,성심유치원 진입부,30,Dec-16,02-2199-6662,37.528134,127.000232,2016-09-27
서울특별시 용산구청,서울특별시 용산구 보광로 31길 40,서울특별시 용산구 보광동 228-93,생활방범,2,130,보광사 지나 삼거리 뒤,30,Sep-16,02-2199-6662,37.528614,126.996912,2016-09-27
서울특별시 용산구청,서울특별시 용산구 보광로 5길 17,서울특별시 용산구 보광동 112-1,생활방범,2,130,삼성리버빌 아파트 뒤,30,Sep-16,02-2199-6662,37.526238,127.00043,2016-09-27
서울특별시 용산구청,서울특별시 용산구 청파로43길 57-27,서울특별시 용산구 청파동3가 118-365,생활방범,2,130,주택담장뒤전신주,30,Oct-16,02-2199-6662,37.542742,126.969393,2016-09-27
서울특별시 용산구청,서울특별시 용산구 효창원로86가길 32,서울특별시 용산구 청파동 1가 89-122,어린이보호,2,130,청파초교후문 신일마트 앞,30,Oct-16,02-2199-6662,37.540902,126.97532,2016-09-27
서울특별시 용산구청,서울특별시 용산구 효창원로86가길 32,서울특별시 용산구 서계동 226-3,생활방범,1,130,청파어린이 공원안,30,Oct-16,02-2199-6662,37.553573,126.968316,2016-09-27
서울특별시 용산구청,서울특별시 용산구 효창원로86가길 32,서울특별시 용산구 서계동 226-3,생활방범,1,130,청파어린이 공원안,30,Oct-16,02-2199-6662,37.553573,126.968316,2016-09-27
서울특별시 용산구청,서울특별시 용산구 효창원로86가길 32,서울특별시 용산구 서계동 226-3,생활방범,1,130,청파어린이 공원안,30,Oct-16,02-2199-6662,37.553573,126.968316,2016-09-27
서울특별시 용산구청,서울특별시 용산구 청파로71길 40,서울특별시 용산구 청파동1가 1-214,생활방범,3,130,강북부동산 앞,30,Feb-16,02-2199-6662,37.543065,126.976999,2016-09-27
서울특별시 용산구청,서울특별시 용산구 청파로43라길 11,서울특별시 용산구 청파동3가 121-14,생활방범,2,130,주택 앞,30,Feb-16,02-2199-6662,37.543768,126.969356,2016-09-27
서울특별시 용산구청,서울특별시 용산구 효창원로104라길 1,서울특별시 용산구 서계동 251-54,생활방범,2,130,만리중앙교회 앞,30,Feb-16,02-2199-6662,37.540957,126.977946,2016-09-27
서울특별시 용산구청,서울특별시 용산구 청파로49길 19,서울특별시 용산구 청파동2가 36-4,생활방범,2,130,청파어린이집앞,30,Feb-16,02-2199-6662,37.54425,126.971814,2016-09-27
서울특별시 용산구청,서울특별시 용산구 효창원로98길13,서울특별시 용산구 청파동1가 3-152,생활방범,2,130,배문고등학교뒷편골목(청파이발관삼거리),30,Feb-16,02-2199-6662,37.540164,126.976738,2016-09-27
서울특별시 용산구청,서울특별시 용산구 청파로47가길,서울특별시 용산구 청파동 118-271,생활방범,2,130,선린후문 공원,30,Oct-16,02-2199-6662,37.543416,126.96554,2016-09-27
서울특별시 용산구청,서울특별시 용산구 청파로39길15,서울특별시 용산구 청파동 94-2,어린이보호,1,130,신광초등학교 옆골목,30,Feb-16,02-2199-6662,37.544789,126.968347,2016-09-27
서울특별시 용산구청,서울특별시 용산구 만리재로24길16,서울특별시 용산구 서계동 245-11,생활방범,3,130,서계공영주차장 아래 아름슈퍼 앞 사거리,30,Nov-16,02-2199-6662,37.540122,126.979525,2016-09-27
서울특별시 용산구청,서울특별시 용산구 청파로93길16,서울특별시 용산구 서계동 223-32,생활방범,1,130,대도식당 인근,30,Nov-16,02-2199-6662,37.543034,126.982648,2016-09-27
서울특별시 용산구청,서울특별시 용산구 청파로83길21,서울특별시 용산구 서계동 95-4,생활방범,3,130,동강슈퍼 인근,30,Nov-16,02-2199-6662,37.543172,126.979965,2016-09-27
서울특별시 용산구청,서울특별시 용산구 효창원로 104나길26,서울특별시 용산구 서계동 251-3,생활방범,2,130,우진슈퍼 윗쪽삼거리,30,Sep-16,02-2199-6662,37.551718,126.965297,2016-09-27
서울특별시 용산구청,서울특별시 용산구 청파로71길69,서울특별시 용산구 청파동1가 91-52,생활방범,2,130,영동슈퍼 앞,30,Sep-16,02-2199-6662,37.549242,126.966086,2016-09-27
서울특별시 용산구청,서울특별시 용산구 원효로97길5길,서울특별시 용산구 청파동3가118-102,생활방범,1,200,돌모루 어린이 공원,30,Nov-16,02-2199-6662,37.54296,126.968456,2016-09-27
서울특별시 용산구청,서울특별시 용산구 원효로97길5길,서울특별시 용산구 청파동3가118-102,생활방범,3,200,돌모루 어린이 공원,30,Nov-16,02-2199-6662,37.54296,126.968456,2016-09-27
서울특별시 용산구청,서울특별시 용산구 청파로85가길 10-21,서울특별시 용산구 서계동 33-109,생활방범,2,200,올라가는 골목길,30,Feb-16,02-2199-6662,37.552361,126.966934,2016-09-27
서울특별시 용산구청,서울특별시 용산구 청파로85가길 10-21,서울특별시 용산구 서계동 33-109,생활방범,2,200,숙명여대창업관뒷쪽길,30,May-16,02-2199-6662,37.543825,126.966411,2016-09-27
서울특별시 용산구청,서울특별시 용산구 서계가로공원,서울특별시 용산구 서계동 276-7,생활방범,2,200,숙명여대창업관뒷쪽길,30,May-16,02-2199-6662,37.551312,126.964248,2016-09-27
서울특별시 용산구청,서울특별시 용산구 백범로79다길 18,서울특별시 용산구 원효로1가 17-7,생활방범,2,41,아세아 항공전문학교 앞,30,Feb-16,02-2199-6662,37.541618,126.966907,2016-09-27
서울특별시 용산구청,서울특별시 용산구 원효로77길 45,서울특별시 용산구 원효로1가 21-1,생활방범,3,200,현대미용실 앞,30,Feb-16,02-2199-6662,37.540861,126.964874,2016-09-27
서울특별시 용산구청,서울특별시 용산구 새창로 154,서울특별시 용산구 신계동 35-11,생활방범,3,130,남동전기 앞,30,Feb-16,02-2199-6662,37.539056,126.958038,2016-09-27
서울특별시 용산구청,서울특별시 용산구 새창로45길 25,서울특별시 용산구 신계동 25-8,생활방범,3,130,유진약국 앞,30,May-16,02-2199-6662,37.540139,126.959025,2016-09-27
서울특별시 용산구청,서울특별시 용산구 원효로56길 21,서울특별시 용산구 원효로2가 61-9,생활방범,2,41,공원 앞,30,Jul-16,02-2199-6662,37.539585,126.959115,2016-09-27
서울특별시 용산구청,서울특별시 용산구 원효로71길 7,서울특별시 용산구 원효로2가 8-15,생활방범,2,41,충남제일철강 옆 골목길,30,Jul-16,02-2199-6662,37.540788,126.962432,2016-09-27
서울특별시 용산구청,서울특별시 용산구 새창로44길 10,서울특별시 용산구 신계동 40-1,차량방범,1,41,원효컴퓨터전자상가 맞은편,30,Aug-16,02-2199-6662,37.534081,126.961548,2016-09-27
서울특별시 용산구청,서울특별시 용산구 청파로 209,서울특별시 용산구 문배동 8-5,차량방범,1,41,충남마대상사 앞,30,Aug-16,02-2199-6662,37.538268,126.970571,2016-09-27
서울특별시 용산구청,서울특별시 용산구 백범로79길 42,서울특별시 용산구 원효로1가 17-101,생활방범,2,130,동효그린빌라 옆,30,Aug-16,02-2199-6662,37.540768,126.965926,2016-09-27
서울특별시 용산구청,서울특별시 용산구 백범로81길 20,서울특별시 용산구 원효로1가 26-20,생활방범,1,130,무궁화빌라 앞,30,Aug-16,02-2199-6662,37.541077,126.964225,2016-09-27
서울특별시 용산구청,서울특별시 용산구 원효로81길 30-12,서울특별시 용산구 원효로1가 30-75,생활방범,1,130,좁은 골목길,30,Aug-16,02-2199-6662,37.541804,126.964751,2016-09-27
서울특별시 용산구청,서울특별시 용산구 원효로 192-1,서울특별시 용산구 원효로2가 27-2,어린이보호,1,130,원효로 남정초 진입부,30,Dec-16,02-2199-6662,37.540215,126.960987,2016-09-27
서울특별시 용산구청,서울특별시 용산구 원효로 210-5,서울특별시 용산구 원효로2가 3-2,어린이보호,2,130,남정초 후문 진입부,30,Dec-16,02-2199-6662,37.541722,126.96202,2016-09-27
서울특별시 용산구청,서울특별시 용산구 새창로45길 41,서울특별시 용산구 신계동 18-18,어린이보호,3,130,남정초 일방통행 시점부,30,Dec-16,02-2199-6662,37.540833,126.959288,2016-09-27
서울특별시 용산구청,서울특별시 용산구 원효로64길 13,서울특별시 용산구 원효로2가 23-24,어린이보호,2,130,에이데이터코리아 앞,30,Nov-16,02-2199-6662,37.540489,126.960489,2016-09-27
서울특별시 용산구청,서울특별시 용산구 백범로79다길 15,서울특별시 용산구 원효로1가 17-139,생활방범,2,130,전신주옆,30,Oct-16,02-2199-6662,37.541631,126.967148,2016-09-27
서울특별시 용산구청,서울특별시 용산구 원효로67길 13,서울특별시 용산구 원효로2가 8-4,생활방범,1,200,어린이집 앞,30,Feb-16,02-2199-6662,37.540235,126.962369,2016-09-27
서울특별시 용산구청,서울특별시 용산구 원효로77가길17,서울특별시 용산구 원효로1가 18-9,생활방범,2,130,큰나무 골앞 옆,30,Nov-16,02-2199-6662,37.541469,126.965653,2016-09-27
서울특별시 용산구청,서울특별시 용산구 원효로77가길17,서울특별시 용산구 원효로1가 119-2,생활방범,1,130,해님공원내,30,Dec-16,02-2199-6662,37.539343,126.970065,2016-09-27
서울특별시 용산구청,서울특별시 용산구 원효로77가길17,서울특별시 용산구 원효로1가 119-2,생활방범,1,130,해님공원내,30,Dec-16,02-2199-6662,37.539343,126.970065,2016-09-27
서울특별시 용산구청,서울특별시 용산구 원효로77가길17,서울특별시 용산구 원효로1가 119-2,생활방범,1,130,해님공원내,30,Dec-16,02-2199-6662,37.539343,126.970065,2016-09-27
서울특별시 용산구청,서울특별시 용산구 원효로77가길17,서울특별시 용산구 원효로1가 119-2,생활방범,1,130,달님공원내,30,Dec-16,02-2199-6662,37.539343,126.970065,2016-09-27
서울특별시 용산구청,서울특별시 용산구 원효로77가길17,서울특별시 용산구 문배동 7-32,생활방범,1,130,달님공원내,30,Dec-16,02-2199-6662,37.538411,126.969742,2016-09-27
서울특별시 용산구청,서울특별시 용산구 원효로77가길17,서울특별시 용산구 문배동 7-32,생활방범,1,130,달님공원내,30,Dec-16,02-2199-6662,37.538411,126.969742,2016-09-27
서울특별시 용산구청,서울특별시 용산구 원효로77가길17,서울특별시 용산구 문배동 7-32,생활방범,1,130,달님공원내,30,Dec-16,02-2199-6662,37.538411,126.969742,2016-09-27
서울특별시 용산구청,서울특별시 용산구 원효로77가길17,서울특별시 용산구 문배동 7-32,생활방범,1,200,별님공원내,30,Feb-16,02-2199-6662,37.538411,126.969742,2016-09-27
서울특별시 용산구청,서울특별시 용산구 원효로77가길17,서울특별시 용산구 문배동 7-32,생활방범,1,200,별님공원내,30,Feb-16,02-2199-6662,37.538411,126.969742,2016-09-27
서울특별시 용산구청,서울특별시 용산구 원효로77가길17,서울특별시 용산구 신계동 55,생활방범,6,41,신계역사공원,30,Feb-16,02-2199-6662,37.535442,126.966432,2016-09-27
서울특별시 용산구청,서울특별시 용산구 원효로58길 17,서울특별시 용산구 신계동 55,생활방범,1,200,남정초등학교앞,30,Feb-16,02-2199-6662,37.535437,126.963473,2016-09-27
서울특별시 용산구청,서울특별시 용산구 원효로 153,서울특별시 용산구 원효로3가 46-1,생활방범,2,200,우체국 맞은 편,30,Feb-16,02-2199-6662,37.537163,126.95918,2016-09-27
서울특별시 용산구청,서울특별시 용산구 원효로35길 81,서울특별시 용산구 원효로3가 258,생활방범,3,130,원삼탕 맞은 편,30,Feb-16,02-2199-6662,37.534092,126.957275,2016-09-27
서울특별시 용산구청,서울특별시 용산구 원효로19길 18,서울특별시 용산구 원효로4가 93,생활방범,3,130,해물 한마당 앞,30,Feb-16,02-2199-6662,37.531442,126.956591,2016-09-27
서울특별시 용산구청,서울특별시 용산구 효창원로 40,서울특별시 용산구 신창동 88-2,생활방범,2,200,성심여고 앞,30,Feb-16,02-2199-6662,37.532123,126.959335,2016-09-27
서울특별시 용산구청,서울특별시 용산구 효창원로12가길 10,서울특별시 용산구 원효로4가 64,생활방범,2,41,골목길,30,Jul-16,02-2199-6662,37.531698,126.95836,2016-09-27
서울특별시 용산구청,서울특별시 용산구 원효로19가길 4,서울특별시 용산구 원효로3가 242-2,생활방범,2,41,계단위 삼거리,30,Jul-16,02-2199-6662,37.533146,126.957314,2016-09-27
서울특별시 용산구청,서울특별시 용산구 원효로41가길 5,서울특별시 용산구 원효로3가 96-2,생활방범,2,41,소망빌딩 앞,30,Jul-16,02-2199-6662,37.53543,126.95827,2016-09-27
서울특별시 용산구청,서울특별시 용산구 효창원로 56,서울특별시 용산구 신창동 77-117,생활방범,2,41,신창제일교회 옆 사거리,30,Jul-16,02-2199-6662,37.533454,126.960067,2016-09-27
서울특별시 용산구청,서울특별시 용산구 효창원로8길 28,서울특별시 용산구 원효로4가 87-2,생활방범,1,41,문화원 정자마당,30,Jul-16,02-2199-6662,37.533466,126.952202,2016-09-27
서울특별시 용산구청,서울특별시 용산구 원효로35길 25,서울특별시 용산구 원효로3가 179-1,차량방범,2,41,한일카피어 맞은편,30,Aug-16,02-2199-6662,37.53417,126.955966,2016-09-27
서울특별시 용산구청,서울특별시 용산구 효창원로8길 3,서울특별시 용산구 산천동 81-1,생활방범,2,130,동주민센터 화단,30,Aug-16,02-2199-6662,37.530443,126.958148,2016-09-27
서울특별시 용산구청,서울특별시 용산구 효창원로 30,서울특별시 용산구 산천동 35-1,생활방범,3,130,세느미용실,30,Aug-16,02-2199-6662,37.531369,126.958785,2016-09-27
서울특별시 용산구청,서울특별시 용산구 원효로35길 49,서울특별시 용산구 신창동 31-2,생활방범,2,130,신창공영주차장 골목코너,30,Aug-16,02-2199-6662,37.533605,126.959229,2016-09-27
서울특별시 용산구청,서울특별시 용산구 원효로41가길 31-1,서울특별시 용산구 원효로3가 169,생활방범,2,130,일광빌라 앞,30,Aug-16,02-2199-6662,37.534271,126.958198,2016-09-27
서울특별시 용산구청,서울특별시 용산구 원효로 97,서울특별시 용산구 원효로3가 250-1,생활방범,3,130,하이트맥주 앞 사무실,30,Aug-16,02-2199-6662,37.533219,126.956086,2016-09-27
서울특별시 용산구청,서울특별시 용산구 효창원로13길 38,서울특별시 용산구 산천동 6-73,어린이보호,1,130,한강타운 정문 좌측,30,Dec-16,02-2199-6662,37.530618,126.960451,2016-09-27
서울특별시 용산구청,서울특별시 용산구 효창원로15길 7,서울특별시 용산구 산천동 199,어린이보호,2,130,계성유치원 정문 앞,30,Dec-16,02-2199-6662,37.531598,126.960393,2016-09-27
서울특별시 용산구청,서울특별시 용산구 효창원로 17,서울특별시 용산구 산천동 193,어린이보호,1,130,일민유치원 정문 앞,30,Dec-16,02-2199-6662,37.529731,126.958911,2016-09-27
서울특별시 용산구청,서울특별시 용산구 효창원로13길 38,서울특별시 용산구 산천동 6-73,어린이보호,2,130,정문진입로,30,Nov-16,02-2199-6662,37.530618,126.960451,2016-09-27
서울특별시 용산구청,서울특별시 용산구 원효로41가길 14-19,서울특별시 용산구 원효로3가 1-139,생활방범,3,130,원효어린이집 늘푸른공원,30,Mar-16,02-2199-6662,37.534441,126.958833,2016-09-27
서울특별시 용산구청,서울특별시 용산구 효창원로23길 22,서울특별시 용산구 신창동 77-114,생활방범,3,130,세방아파트 옆,30,Feb-16,02-2199-6662,37.532674,126.961115,2016-09-27
서울특별시 용산구청,서울특별시 용산구 원료로31길12,서울특별시 용산구 원효로 3가 252-1,생활방범,2,130,프린팅솔루션 옆골목,30,Nov-16,02-2199-6662,37.533954,126.95704,2016-09-27
서울특별시 용산구청,서울특별시 용산구 효창원로 25가길17,서울특별시 용산구 신창동 76-24,생활방범,2,130,세방 리버힐 아파트 후문,30,Sep-16,02-2199-6662,37.536549,126.95471,2016-09-27
서울특별시 용산구청,서울특별시 용산구 원효로41가길 14-19,서울특별시 용산구 원효로3가 1-139,생활방범,1,200,원효어린이집 늘푸른공원,30,Nov-16,02-2199-6662,37.534796,126.956568,2016-09-27
서울특별시 용산구청,서울특별시 용산구 효창원로 150,서울특별시 용산구 효창동 5-52,생활방범,2,200,명성부동산 앞,30,Feb-16,02-2199-6662,37.538852,126.96692,2016-09-27
서울특별시 용산구청,서울특별시 용산구 효창원로66길 26,서울특별시 용산구 효창동 5-86,생활방범,3,130,재향군인회 옆,30,Feb-16,02-2199-6662,37.539782,126.966247,2016-09-27
서울특별시 용산구청,서울특별시 용산구 효창원로69길 31,서울특별시 용산구 효창동 5-158,생활방범,2,41,효창아트빌 2차 아파트 맞은 편,30,Feb-16,02-2199-6662,37.537358,126.967823,2016-09-27
서울특별시 용산구청,서울특별시 용산구 백범로45길 8,서울특별시 용산구 효창동 5-218,생활방범,2,130,서울 자동차고 입구,30,Feb-16,02-2199-6662,37.535713,126.966564,2016-09-27
서울특별시 용산구청,서울특별시 용산구 백범로 281-9,서울특별시 용산구 효창동 89,생활방범,2,41,금양초교 뒤,30,Feb-16,02-2199-6662,37.537796,126.965315,2016-09-27
서울특별시 용산구청,서울특별시 용산구 효창원로66길 35-15,서울특별시 용산구 효창동 5-44,생활방범,2,41,보람빌리지 앞,30,Jul-16,02-2199-6662,37.540074,126.96732,2016-09-27
서울특별시 용산구청,서울특별시 용산구 효창원로66길 35-15,서울특별시 용산구 효창동 255,생활방범,1,130,의열사당 전면,30,Feb-16,02-2199-6662,37.545392,126.960458,2016-09-27
서울특별시 용산구청,서울특별시 용산구 효창원로66길 35-15,서울특별시 용산구 효창동 255,생활방범,1,130,의열사당 후면,30,Feb-16,02-2199-6662,37.545392,126.960458,2016-09-27
서울특별시 용산구청,서울특별시 용산구 효창원로66길 35-15,서울특별시 용산구 효창동 255,생활방범,1,41,백범 김구 묘역,30,Feb-16,02-2199-6662,37.545392,126.960458,2016-09-27
서울특별시 용산구청,서울특별시 용산구 효창원로66길 35-15,서울특별시 용산구 효창동 255,생활방범,1,41,삼의사 묘역,30,Feb-16,02-2199-6662,37.545392,126.960458,2016-09-27
서울특별시 용산구청,서울특별시 용산구 효창원로66길 35-15,서울특별시 용산구 효창동 255,생활방범,1,41,임정요인 묘역,30,Feb-16,02-2199-6662,37.545392,126.960458,2016-09-27
서울특별시 용산구청,서울특별시 용산구 효창원로66길 35-15,서울특별시 용산구 효창동 255,생활방범,1,41,생태 연못,30,Jul-16,02-2199-6662,37.545392,126.960458,2016-09-27
서울특별시 용산구청,서울특별시 용산구 효창원로177-18,서울특별시 용산구 효창동 255,생활방범,1,41,어린이 놀이터,30,Feb-16,02-2199-6662,37.545392,126.960458,2016-09-27
서울특별시 용산구청,서울특별시 용산구 효창원로177-18,서울특별시 용산구 효창동 255,생활방범,1,41,원효 동상,30,Feb-16,02-2199-6662,37.545392,126.960458,2016-09-27
서울특별시 용산구청,서울특별시 용산구 효창원로177-18,서울특별시 용산구 효창동 255,생활방범,1,130,게이트볼장,30,Feb-16,02-2199-6662,37.545392,126.960458,2016-09-27
서울특별시 용산구청,서울특별시 용산구 효창원로177-18,서울특별시 용산구 효창동 255,생활방범,1,41,반공투사 위령탑,30,Feb-16,02-2199-6662,37.545392,126.960458,2016-09-27
서울특별시 용산구청,서울특별시 용산구 효창원로177-18,서울특별시 용산구 효창동 255,생활방범,1,41,관리사무소 앞,30,Feb-16,02-2199-6662,37.545392,126.960458,2016-09-27
서울특별시 용산구청,서울특별시 용산구 효창원로177-18,서울특별시 용산구 효창동 255,생활방범,1,130,휴계공간,30,Jul-16,02-2199-6662,37.545392,126.960458,2016-09-27
서울특별시 용산구청,서울특별시 용산구 효창원로177-18,서울특별시 용산구 효창동 255,생활방범,1,41,의열광장,30,Feb-16,02-2199-6662,37.545392,126.960458,2016-09-27
서울특별시 용산구청,서울특별시 용산구 효창원로177-18,서울특별시 용산구 효창동 255,생활방범,1,41,노인회관,30,Feb-16,02-2199-6662,37.545392,126.960458,2016-09-27
서울특별시 용산구청,서울특별시 용산구 효창원로177-18,서울특별시 용산구 효창동 255,생활방범,1,41,운동공간,30,Feb-16,02-2199-6662,37.545392,126.960458,2016-09-27
서울특별시 용산구청,서울특별시 용산구 백범로47가길 39,서울특별시 용산구 효창동 5-150,생활방범,2,130,원효사 앞,30,Feb-16,02-2199-6662,37.535966,126.968333,2016-09-27
서울특별시 용산구청,서울특별시 용산구 효창원로69가길 19,서울특별시 용산구 효창동 126-14,생활방범,2,130,효창감리교회 옆,30,Feb-16,02-2199-6662,37.537507,126.966837,2016-09-27
서울특별시 용산구청,서울특별시 용산구 임정로 107-5,서울특별시 용산구 효창동 3-288,생활방범,2,130,효원빌라 맞은 편,30,Jul-16,02-2199-6662,37.538903,126.973627,2016-09-27
서울특별시 용산구청,서울특별시 용산구 효창원로64길 22,서울특별시 용산구 효창동 5-109,생활방범,2,130,다모빌딩 앞,30,Aug-16,02-2199-6662,37.539544,126.965532,2016-09-27
서울특별시 용산구청,서울특별시 용산구 효창원로 137,서울특별시 용산구 효창동 126-4,어린이보호,1,130,금양초교 정문 앞 보도,30,Dec-16,02-2199-6662,37.538059,126.96504,2016-09-27
서울특별시 용산구청,서울특별시 용산구 효창원로64길 6,서울특별시 용산구 효창동 5-104,어린이보호,2,130,일진빌딩 앞,30,Nov-16,02-2199-6662,37.53883,126.965403,2016-09-27
서울특별시 용산구청,서울특별시 용산구 백범로45길 21-20,서울특별시 용산구 효창동 5-196,생활방범,2,130,중앙교회 앞,30,Mar-16,02-2199-6662,37.535739,126.967296,2016-09-27
서울특별시 용산구청,서울특별시 용산구 백범로79길 81,서울특별시 용산구 효창동 5-675,생활방범,2,130,건재상 앞,30,Oct-16,02-2199-6662,37.540707,126.968028,2016-09-27
서울특별시 용산구청,서울특별시 용산구 백범로47가길 4,서울특별시 용산구 효창동 5-735,생활방범,3,130,우리가게 앞,30,Feb-16,02-2199-6662,37.536706,126.967031,2016-09-27
서울특별시 용산구청,서울특별시 용산구 백범로47길 13,서울특별시 용산구 효창동 5-550,생활방범,2,41,주택앞,30,Feb-16,02-2199-6662,37.536112,126.966391,2016-09-27
서울특별시 용산구청,서울특별시 용산구 백범로47길 13,서울특별시 용산구 효창동 13-54,생활방범,1,200,골목안 큰나무 옆,30,Feb-16,02-2199-6662,37.540286,126.964679,2016-09-27
서울특별시 용산구청,서울특별시 용산구 효창원로177-18,서울특별시 용산구 효창동3-255,생활방범,2,130,슈퍼앞삼거리,30,Feb-16,02-2199-6662,37.538666,126.974135,2016-09-27
서울특별시 용산구청,서울특별시 용산구 효창원로177-18,서울특별시 용산구 효창동 255,생활방범,1,130,삼의사 앞 산책로(임정요인묘역앞),30,Oct-16,02-2199-6662,37.545392,126.960458,2016-09-27
서울특별시 용산구청,서울특별시 용산구 효창원로177-18,서울특별시 용산구 효창동 255,생활방범,1,41,숙명여대쪽배드민턴장,30,Oct-16,02-2199-6662,37.545392,126.960458,2016-09-27
서울특별시 용산구청,서울특별시 용산구 효창원로177-18,서울특별시 용산구 효창동 255,생활방범,1,41,원효대사동상 뒤편,30,Oct-16,02-2199-6662,37.545392,126.960458,2016-09-27
서울특별시 용산구청,서울특별시 용산구 효창원로177-18,서울특별시 용산구 효창동 255,생활방범,1,41,공원후문운동공간,30,Oct-16,02-2199-6662,37.545392,126.960458,2016-09-27
서울특별시 용산구청,서울특별시 용산구 효창원로177-18,서울특별시 용산구 효창동 255,생활방범,1,130,반공투사위령탑주변 화장실 옆,30,Oct-16,02-2199-6662,37.545392,126.960458,2016-09-27
서울특별시 용산구청,서울특별시 용산구 효창원로177-18,서울특별시 용산구 효창동 255,생활방범,1,130,대한노인회중앙회쪽 입구,30,Oct-16,02-2199-6662,37.545392,126.960458,2016-09-27
서울특별시 용산구청,서울특별시 용산구 효창원로177-18,서울특별시 용산구 효창동 255,생활방범,1,130,생태공원 산책로,30,Oct-16,02-2199-6662,37.545392,126.960458,2016-09-27
서울특별시 용산구청,서울특별시 용산구 효창원로177-18,서울특별시 용산구 효창동 255,생활방범,1,41,노인회 뒷편(정자앞),30,Oct-16,02-2199-6662,37.545392,126.960458,2016-09-27
서울특별시 용산구청,서울특별시 용산구 효창원로177-18,서울특별시 용산구 효창동 255,생활방범,1,41,관리사무실화장실주변,30,Oct-16,02-2199-6662,37.545392,126.960458,2016-09-27
서울특별시 용산구청,서울특별시 용산구 효창원로 76길24-3,서울특별시 용산구 효창동2-23,생활방범,2,130,청구하이츠빌라 인근,30,Nov-16,02-2199-6662,37.540004,126.969169,2016-09-27
서울특별시 용산구청,서울특별시 용산구 효창원로 76길24-3,서울특별시 용산구 효창동 5-65,어린이보호,3,130,금양초등학교,30,Dec-16,02-2199-6662,37.539191,126.966858,2016-09-27
서울특별시 용산구청,서울특별시 용산구 효창원로 76길24-3,서울특별시 용산구 효창동 5-335,차량방범,2,200,금양초등학교,30,Aug-16,02-2199-6662,37.54001,126.961761,2016-09-27
서울특별시 용산구청,서울특별시 용산구 원효로53길 54,서울특별시 용산구 용문동 1-44,생활방범,2,41,창고 앞,30,Feb-16,02-2199-6662,37.538789,126.962996,2016-09-27
서울특별시 용산구청,서울특별시 용산구 원효로53길 54,서울특별시 용산구 용문동 5-68,생활방범,2,200,효창공원역 4번출구 앞,30,Feb-16,02-2199-6662,37.537741,126.964333,2016-09-27
서울특별시 용산구청,서울특별시 용산구 새창로 109,서울특별시 용산구 용문동 8-20,생활방범,3,130,해피데이 호프집 앞,30,Feb-16,02-2199-6662,37.537471,126.962187,2016-09-27
서울특별시 용산구청,서울특별시 용산구 효창원로48길 12,서울특별시 용산구 용문동 8-36,생활방범,3,130,신도리코 앞,30,Feb-16,02-2199-6662,37.538027,126.96248,2016-09-27
서울특별시 용산구청,서울특별시 용산구 효창원로42길 23,서울특별시 용산구 용문동 25-17,생활방범,3,130,삼익당한의원 앞,30,Jul-16,02-2199-6662,37.537386,126.960791,2016-09-27
서울특별시 용산구청,서울특별시 용산구 효창원로37마길 1,서울특별시 용산구 용문동 38-143(남),차량방범,1,130,,30,Mar-16,02-2199-6662,37.537915,126.95878,2016-09-27
서울특별시 용산구청,서울특별시 용산구 효창원로37마길 1,서울특별시 용산구 용문동 38-143(북),차량방범,1,130,,30,Mar-16,02-2199-6662,37.537915,126.95878,2016-09-27
서울특별시 용산구청,서울특별시 용산구 효창원로37다길 2,서울특별시 용산구 용문동 38-148,차량방범,1,130,,30,Mar-16,02-2199-6662,37.537915,126.95878,2016-09-27
서울특별시 용산구청,서울특별시 용산구 효창원로37나길 17,서울특별시 용산구 용문동 38-97,차량방범,3,130,,30,Mar-16,02-2199-6662,37.537454,126.957578,2016-09-27
서울특별시 용산구청,서울특별시 용산구 효창원로37나길 1,서울특별시 용산구 용문동 38-175,차량방범,1,130,,30,Mar-16,02-2199-6662,37.537183,126.95848,2016-09-27
서울특별시 용산구청,서울특별시 용산구 효창원로37나길 1,서울특별시 용산구 용문동 38-191,차량방범,2,130,,30,Mar-16,02-2199-6662,37.536934,126.958263,2016-09-27
서울특별시 용산구청,서울특별시 용산구 효창원로35길 5,서울특별시 용산구 용문동 38-57,차량방범,1,130,,30,Mar-16,02-2199-6662,37.536811,126.957651,2016-09-27
서울특별시 용산구청,서울특별시 용산구 효창원로37가길 17,서울특별시 용산구 용문동 38-186,차량방범,1,130,,30,Mar-16,02-2199-6662,37.537183,126.957455,2016-09-27
서울특별시 용산구청,서울특별시 용산구 효창원로25다길 29,서울특별시 용산구 용문동 38-13,차량방범,1,130,,30,Mar-16,02-2199-6662,37.5378,126.956936,2016-09-27
서울특별시 용산구청,서울특별시 용산구 효창원로37나길 20-17,서울특별시 용산구 용문동 38-233,차량방범,2,130,,30,Mar-16,02-2199-6662,37.538427,126.957844,2016-09-27
서울특별시 용산구청,서울특별시 용산구 효창원로25다길 17-3,서울특별시 용산구 용문동 38-76,차량방범,2,130,,30,Mar-16,02-2199-6662,37.537214,126.956626,2016-09-27
서울특별시 용산구청,서울특별시 용산구 효창원로25다길 50,서울특별시 용산구 용문동 38-10,차량방범,1,130,,30,Mar-16,02-2199-6662,37.538478,126.957713,2016-09-27
서울특별시 용산구청,서울특별시 용산구 효창원로25다길 33-9,서울특별시 용산구 용문동 38-244,차량방범,1,130,,30,Mar-16,02-2199-6662,37.538307,126.956956,2016-09-27
서울특별시 용산구청,서울특별시 용산구 효창원로25다길 8,서울특별시 용산구 용문동 38-38,차량방범,2,130,,30,Mar-16,02-2199-6662,37.536814,126.956746,2016-09-27
서울특별시 용산구청,서울특별시 용산구 효창원로25길 17,서울특별시 용산구 용문동 38-69,차량방범,2,130,,30,Mar-16,02-2199-6662,37.536615,126.956364,2016-09-27
서울특별시 용산구청,서울특별시 용산구 원효로53길 31,서울특별시 용산구 용문동 12-1,차량방범,2,130,,30,Dec-16,02-2199-6662,37.537148,126.961878,2016-09-27
서울특별시 용산구청,서울특별시 용산구 효창원로25나길 8,서울특별시 용산구 용문동 38-128,생활방범,2,130,청구빌라 앞,30,Aug-16,02-2199-6662,37.533991,126.961162,2016-09-27
서울특별시 용산구청,서울특별시 용산구 효창원로25나길 2-32,서울특별시 용산구 용문동 38-100,생활방범,2,130,옥수대빌라 맞은편 위쪽,30,Aug-16,02-2199-6662,37.534344,126.962597,2016-09-27
서울특별시 용산구청,서울특별시 용산구 효창원로 95,서울특별시 용산구 용문동 41-33,생활방범,3,130,새마을금고 앞,30,Aug-16,02-2199-6662,37.536708,126.961887,2016-09-27
서울특별시 용산구청,서울특별시 용산구 원효로71길 27,서울특별시 용산구 용문동 2-1,생활방범,2,130,서울비전교회 앞 모퉁이,30,Aug-16,02-2199-6662,37.539907,126.962949,2016-09-27
서울특별시 용산구청,서울특별시 용산구 새창로 70,서울특별시 용산구 도원동 23,어린이보호,1,130,삼성래미안 후문 앞,30,Dec-16,02-2199-6662,37.534792,126.96453,2016-09-27
서울특별시 용산구청,서울특별시 용산구 새창로12길 11-18,서울특별시 용산구 도원동 4-2,어린이보호,1,130,도원유치원 정문 앞,30,Dec-16,02-2199-6662,37.535598,126.963793,2016-09-27
서울특별시 용산구청,서울특별시 용산구 새창로14길 12,서울특별시 용산구 도원동 3-1,생활방범,2,130,대학부동산 앞,30,Mar-16,02-2199-6662,37.535938,126.963808,2016-09-27
서울특별시 용산구청,서울특별시 용산구 효창원로42길 38-36,서울특별시 용산구 용문동 51-1,생활방범,2,130,용문시장내,30,Oct-16,02-2199-6662,37.53664,126.961325,2016-09-27
서울특별시 용산구청,서울특별시 용산구 원효로71길 49,서울특별시 용산구 용문동 5-134,생활방범,1,41,주택앞,30,Feb-16,02-2199-6662,37.538986,126.963196,2016-09-27
서울특별시 용산구청,서울특별시 용산구 효창원로55길 14,서울특별시 용산구 용문동32-68,생활방범,2,130,용문동 꺽어지는 지점,30,Feb-16,02-2199-6662,37.537305,126.963686,2016-09-27
서울특별시 용산구청,서울특별시 용산구 효창원로 42길 38-14,서울특별시 용산구 용문동 43-7,생활방범,2,130,브라운스톤 안쪽 시장 골목,30,Sep-16,02-2199-6662,37.536283,126.960051,2016-09-27
서울특별시 용산구청,서울특별시 용산구 효창원로 42길 38-14,서울특별시 용산구 도원동 21,생활방범,2,130,도원어린이공원,30,Sep-16,02-2199-6662,37.537234,126.95479,2016-09-27
서울특별시 용산구청,서울특별시 용산구 효창원로 42길 38-14,서울특별시 용산구 한강로1가 248,생활방범,2,200,삼각지고가도로 주변,30,May-16,02-2199-6662,37.546177,126.960911,2016-09-27
서울특별시 용산구청,서울특별시 용산구 새창로 213,서울특별시 용산구 한강로2가 2-196,생활방범,2,41,전자상가 지하도 입구,30,May-16,02-2199-6662,37.543152,126.953897,2016-09-27
서울특별시 용산구청,서울특별시 용산구 한강대로53길 28,서울특별시 용산구 한강로2가 2-354,생활방범,2,41,e-편한세상 뒷골목,30,May-16,02-2199-6662,37.545232,126.957806,2016-09-27
서울특별시 용산구청,서울특별시 용산구 한강대로53길 28,서울특별시 용산구 한강로2가 16-11,생활방범,2,41,전자상가 정류장,30,May-16,02-2199-6662,37.542257,126.956256,2016-09-27
서울특별시 용산구청,서울특별시 용산구 한강대로53길 28,서울특별시 용산구 한강로3가 3-32,생활방범,2,41,선인상가 21동 입구,30,May-16,02-2199-6662,37.540551,126.956566,2016-09-27
